"TiffName","Sample","SampleName"
"PDAC2_s0_a1_ac_full.tiff","PDAC2_Sector1Row2Column5_Punch1_Case115_ID_GSDM_1395","PDAC2_1"
"PDAC2_s0_a2_ac_full.tiff","PDAC2_Sector4Row2Column5_Punch2_Case44_ID_1_70971","PDAC2_2"
"PDAC2_s0_a3_ac_full.tiff","PDAC2_Sector4Row1Column6_Punch2_Case37_ID_1_69553","PDAC2_3"
"PDAC2_s0_a4_ac_full.tiff","PDAC2_Sector4Row2Column1_Punch2_Case40_ID_1_70237","PDAC2_4"
"PDAC2_s0_a5_ac_full.tiff","PDAC2_Sector1Row2Column6_Punch1_Case116_ID_GSDM_1452","PDAC2_5"
"PDAC2_s0_a6_ac_full.tiff","PDAC2_Sector1Row3Column6_Punch1_Case124_ID_GSDM_1774","PDAC2_6"
"PDAC2_s0_a7_ac_full.tiff","PDAC2_Sector3Row3Column3_Punch2_Case18_ID_1_44422","PDAC2_7"
"PDAC2_s0_a8_ac_full.tiff","PDAC2_Sector3Row3Column6_Punch2_Case21_ID_1_4568","PDAC2_8"
"PDAC2_s0_a9_ac_full.tiff","PDAC2_Sector1Row4Column3_Punch1_Case129_ID_GSDM_1949","PDAC2_9"
"PDAC2_s0_a10_ac_full.tiff","PDAC2_Sector4Row1Column1_Punch2_Case32_ID_1_66124","PDAC2_10"
"PDAC2_s0_a11_ac_full.tiff","PDAC2_Sector1Row3Column8_Punch1_Case126_ID_GSDM_1844","PDAC2_11"
"PDAC2_s0_a12_ac_full.tiff","PDAC2_Sector4Row3Column3_Punch2_Case50_ID_1_76997","PDAC2_12"
"PDAC2_s0_a13_ac_full.tiff","PDAC2_Sector3Row2Column4_Punch2_Case11_ID_1_3583","PDAC2_13"
"PDAC2_s0_a14_ac_full.tiff","PDAC2_Sector4Row2Column4_Punch2_Case43_ID_1_70640","PDAC2_14"
"PDAC2_s0_a15_ac_full.tiff","PDAC2_Sector3Row1Column3_Punch2_Case2_ID_1_100217","PDAC2_15"
"PDAC2_s0_a16_ac_full.tiff","PDAC2_Sector1Row2Column2_Punch1_Case112_ID_GSDM_1117","PDAC2_16"
"PDAC2_s0_a17_ac_full.tiff","PDAC2_Sector2Row2Column1_Punch1_Case143_ID_GSDM_2506","PDAC2_17"
"PDAC2_s0_a18_ac_full.tiff","PDAC2_Sector3Row4Column3_Punch2_Case26_ID_1_5102","PDAC2_18"
"PDAC2_s0_a19_ac_full.tiff","PDAC2_Sector3Row3Column7_Punch2_Case22_ID_1_4623","PDAC2_19"
"PDAC2_s0_a20_ac_full.tiff","PDAC2_Sector3Row4Column2_Punch2_Case25_ID_1_48194","PDAC2_20"
"PDAC2_s0_a21_ac_full.tiff","PDAC2_Sector3Row3Column5_Punch2_Case20_ID_1_4567","PDAC2_21"
"PDAC2_s0_a22_ac_full.tiff","PDAC2_Sector2Row2Column3_Punch1_Case145_ID_GSDM_2545","PDAC2_22"
"PDAC2_s0_a23_ac_full.tiff","PDAC2_Sector1Row4Column7_Punch1_Case133_ID_GSDM_2116","PDAC2_23"
"PDAC2_s0_a24_ac_full.tiff","PDAC2_Sector2Row4Column8_Punch1_Case166_ID_GSDM_999","PDAC2_24"
"PDAC2_s0_a25_ac_full.tiff","PDAC2_Sector3Row1Column5_Punch2_Case4_ID_1_104134","PDAC2_25"
"PDAC2_s0_a26_ac_full.tiff","PDAC2_Sector3Row2Column8_Punch2_Case15_ID_1_41902","PDAC2_26"
"PDAC2_s0_a27_ac_full.tiff","PDAC2_Sector3Row2Column6_Punch2_Case13_ID_1_40185","PDAC2_27"
"PDAC2_s0_a28_ac_full.tiff","PDAC2_Sector3Row4Column1_Punch2_Case24_ID_1_48081","PDAC2_28"
"PDAC2_s0_a29_ac_full.tiff","PDAC2_Sector1Row2Column8_Punch1_Case118_ID_GSDM_1486","PDAC2_29"
"PDAC2_s0_a30_ac_full.tiff","PDAC2_Sector1Row4Column6_Punch1_Case132_ID_GSDM_2053","PDAC2_30"
"PDAC2_s0_a31_ac_full.tiff","PDAC2_Sector1Row3Column2_Punch1_Case120_ID_GSDM_1587","PDAC2_31"
"PDAC2_s0_a32_ac_full.tiff","PDAC2_Sector2Row2Column5_Punch1_Case147_ID_GSDM_2577","PDAC2_32"
"PDAC2_s0_a33_ac_full.tiff","PDAC2_Sector2Row3Column1_Punch1_Case151_ID_GSDM_2703","PDAC2_33"
"PDAC2_s0_a34_ac_full.tiff","PDAC2_Sector4Row3Column7_Punch2_Case54_ID_1_87248","PDAC2_34"
"PDAC2_s0_a35_ac_full.tiff","PDAC2_Sector2Row2Column6_Punch1_Case148_ID_GSDM_2586","PDAC2_35"
"PDAC2_s0_a36_ac_full.tiff","PDAC2_Sector2Row4Column3_Punch1_Case161_ID_GSDM_930","PDAC2_36"
"PDAC2_s0_a37_ac_full.tiff","PDAC2_Sector2Row3Column8_Punch1_Case158_ID_GSDM_850","PDAC2_37"
"PDAC2_s0_a38_ac_full.tiff","PDAC2_Sector4Row3Column4_Punch2_Case51_ID_1_85268","PDAC2_38"
"PDAC2_s0_a39_ac_full.tiff","PDAC2_Sector3Row4Column6_Punch2_Case29_ID_1_54342","PDAC2_39"
"PDAC2_s0_a40_ac_full.tiff","PDAC2_Sector2Row1Column5_Punch1_Case139_ID_GSDM_2333","PDAC2_40"
"PDAC2_s0_a41_ac_full.tiff","PDAC2_Sector1Row4Column2_Punch1_Case128_ID_GSDM_1894","PDAC2_41"
"PDAC2_s0_a42_ac_full.tiff","PDAC2_Sector1Row4Column8_Punch1_Case134_ID_GSDM_2119","PDAC2_42"
"PDAC2_s0_a43_ac_full.tiff","PDAC2_Sector1Row4Column4_Punch1_Case130_ID_GSDM_1952","PDAC2_43"
"PDAC2_s0_a44_ac_full.tiff","PDAC2_Sector1Row3Column4_Punch1_Case122_ID_GSDM_1619","PDAC2_44"
"PDAC2_s0_a45_ac_full.tiff","PDAC2_Sector1Row4Column5_Punch1_Case131_ID_GSDM_1965","PDAC2_45"
"PDAC2_s0_a46_ac_full.tiff","PDAC2_Sector4Row1Column7_Punch2_Case38_ID_1_69785","PDAC2_46"
"PDAC2_s0_a47_ac_full.tiff","PDAC2_Sector2Row4Column4_Punch1_Case162_ID_GSDM_931","PDAC2_47"
"PDAC2_s0_a48_ac_full.tiff","PDAC2_Sector2Row4Column1_Punch1_Case159_ID_GSDM_862","PDAC2_48"
"PDAC2_s0_a49_ac_full.tiff","PDAC2_Sector4Row1Column2_Punch2_Case33_ID_1_67113","PDAC2_49"
"PDAC2_s0_a50_ac_full.tiff","PDAC2_Sector2Row4Column7_Punch1_Case165_ID_GSDM_992","PDAC2_50"
"PDAC2_s0_a51_ac_full.tiff","PDAC2_Sector2Row2Column2_Punch1_Case144_ID_GSDM_2518","PDAC2_51"
"PDAC2_s0_a52_ac_full.tiff","PDAC2_Sector3Row2Column3_Punch2_Case10_ID_1_35154","PDAC2_52"
"PDAC2_s0_a53_ac_full.tiff","PDAC2_Sector4Row2Column2_Punch2_Case41_ID_1_70327","PDAC2_53"
"PDAC2_s0_a54_ac_full.tiff","PDAC2_Sector4Row2Column7_Punch2_Case46_ID_1_71998","PDAC2_54"
"PDAC2_s0_a55_ac_full.tiff","PDAC2_Sector4Row1Column8_Punch2_Case39_ID_1_69943","PDAC2_55"
"PDAC2_s0_a56_ac_full.tiff","PDAC2_Sector1Row3Column1_Punch1_Case119_ID_GSDM_1489","PDAC2_56"
"PDAC2_s0_a57_ac_full.tiff","PDAC2_Sector3Row3Column2_Punch2_Case17_ID_1_43125","PDAC2_57"
"PDAC2_s0_a58_ac_full.tiff","PDAC2_Sector4Row1Column4_Punch2_Case35_ID_1_67731","PDAC2_58"
"PDAC2_s0_a59_ac_full.tiff","PDAC2_Sector1Row3Column3_Punch1_Case121_ID_GSDM_1604","PDAC2_59"
"PDAC2_s0_a60_ac_full.tiff","PDAC2_Sector4Row2Column3_Punch2_Case42_ID_1_70477","PDAC2_60"
"PDAC2_s0_a61_ac_full.tiff","PDAC2_Sector3Row1Column6_Punch2_Case5_ID_1_104192","PDAC2_61"
"PDAC2_s0_a62_ac_full.tiff","PDAC2_Sector3Row3Column4_Punch2_Case19_ID_1_45196","PDAC2_62"
"PDAC2_s0_a63_ac_full.tiff","PDAC2_Sector3Row1Column8_Punch2_Case7_ID_1_109753","PDAC2_63"
"PDAC2_s0_a64_ac_full.tiff","PDAC2_Sector1Row2Column1_Punch1_Case111_ID_GSDM_1098","PDAC2_64"
"PDAC2_s0_a65_ac_full.tiff","PDAC2_Sector1Row2Column3_Punch1_Case113_ID_GSDM_1265","PDAC2_65"
"PDAC2_s0_a66_ac_full.tiff","PDAC2_Sector3Row4Column7_Punch2_Case30_ID_1_56588","PDAC2_66"
"PDAC2_s0_a67_ac_full.tiff","PDAC2_Sector2Row3Column6_Punch1_Case156_ID_GSDM_583","PDAC2_67"
"PDAC2_s0_a68_ac_full.tiff","PDAC2_Sector3Row3Column8_Punch2_Case23_ID_1_4752","PDAC2_68"
"PDAC2_s0_a69_ac_full.tiff","PDAC2_Sector2Row1Column3_Punch1_Case137_ID_GSDM_2221","PDAC2_69"
"PDAC2_s0_a70_ac_full.tiff","PDAC2_Sector2Row1Column1_Punch1_Case135_ID_GSDM_2152","PDAC2_70"
"PDAC2_s0_a71_ac_full.tiff","PDAC2_Sector2Row4Column2_Punch1_Case160_ID_GSDM_920","PDAC2_71"
"PDAC2_s0_a72_ac_full.tiff","PDAC2_Sector2Row4Column5_Punch1_Case163_ID_GSDM_962","PDAC2_72"
"PDAC2_s0_a73_ac_full.tiff","PDAC2_Sector4Row3Column5_Punch2_Case52_ID_1_85532","PDAC2_73"
"PDAC2_s0_a74_ac_full.tiff","PDAC2_Sector3Row2Column2_Punch2_Case9_ID_1_3430","PDAC2_74"
"PDAC2_s0_a75_ac_full.tiff","PDAC2_Sector3Row2Column5_Punch2_Case12_ID_1_3924","PDAC2_75"
"PDAC2_s0_a76_ac_full.tiff","PDAC2_Sector3Row4Column8_Punch2_Case31_ID_1_57450","PDAC2_76"
"PDAC2_s0_a77_ac_full.tiff","PDAC2_Sector3Row4Column4_Punch2_Case27_ID_1_5121","PDAC2_77"
"PDAC2_s0_a78_ac_full.tiff","PDAC2_Sector3Row4Column5_Punch2_Case28_ID_1_52582","PDAC2_78"
"PDAC2_s0_a79_ac_full.tiff","PDAC2_Sector2Row4Column6_Punch1_Case164_ID_GSDM_969","PDAC2_79"
"PDAC2_s0_a80_ac_full.tiff","PDAC2_Sector2Row1Column8_Punch1_Case142_ID_GSDM_2503","PDAC2_80"
"PDAC2_s0_a81_ac_full.tiff","PDAC2_Sector3Row1Column2_Punch2_Case1_ID_1_100070","PDAC2_81"
"PDAC2_s0_a82_ac_full.tiff","PDAC2_Sector2Row3Column7_Punch1_Case157_ID_GSDM_606","PDAC2_82"
"PDAC2_s0_a83_ac_full.tiff","PDAC2_Sector3Row2Column1_Punch2_Case8_ID_1_112577","PDAC2_83"
"PDAC2_s0_a84_ac_full.tiff","PDAC2_Sector1Row3Column7_Punch1_Case125_ID_GSDM_1812","PDAC2_84"
"PDAC2_s0_a85_ac_full.tiff","PDAC2_Sector1Row2Column7_Punch1_Case117_ID_GSDM_1470","PDAC2_85"
"PDAC2_s0_a86_ac_full.tiff","PDAC2_Sector1Row2Column4_Punch1_Case114_ID_GSDM_1288","PDAC2_86"
"PDAC2_s0_a87_ac_full.tiff","PDAC2_Sector2Row3Column2_Punch1_Case152_ID_GSDM_283","PDAC2_87"
"PDAC2_s0_a88_ac_full.tiff","PDAC2_Sector4Row1Column5_Punch2_Case36_ID_1_69515","PDAC2_88"
"PDAC2_s0_a89_ac_full.tiff","PDAC2_Sector2Row1Column2_Punch1_Case136_ID_GSDM_2185","PDAC2_89"
"PDAC2_s0_a90_ac_full.tiff","PDAC2_Sector2Row2Column4_Punch1_Case146_ID_GSDM_2546","PDAC2_90"
"PDAC2_s0_a91_ac_full.tiff","PDAC2_Sector4Row3Column6_Punch2_Case53_ID_1_85810","PDAC2_91"
"PDAC2_s0_a92_ac_full.tiff","PDAC2_Sector4Row3Column1_Punch2_Case48_ID_1_73579","PDAC2_92"
"PDAC2_s0_a93_ac_full.tiff","PDAC2_Sector2Row1Column6_Punch1_Case140_ID_GSDM_2417","PDAC2_93"
"PDAC2_s0_a94_ac_full.tiff","PDAC2_Sector4Row3Column2_Punch2_Case49_ID_1_76312","PDAC2_94"
"PDAC2_s0_a95_ac_full.tiff","PDAC2_Sector3Row1Column4_Punch2_Case3_ID_1_103356","PDAC2_95"
"PDAC2_s0_a96_ac_full.tiff","PDAC2_Sector2Row3Column5_Punch1_Case155_ID_GSDM_567","PDAC2_96"
"PDAC2_s0_a97_ac_full.tiff","PDAC2_Sector3Row2Column7_Punch2_Case14_ID_1_4045","PDAC2_97"
"PDAC2_s0_a98_ac_full.tiff","PDAC2_Sector2Row3Column4_Punch1_Case154_ID_GSDM_555","PDAC2_98"
"PDAC2_s0_a99_ac_full.tiff","PDAC2_Sector4Row2Column6_Punch2_Case45_ID_1_71273","PDAC2_99"
"PDAC2_s0_a100_ac_full.tiff","PDAC2_Sector3Row3Column1_Punch2_Case16_ID_1_42221","PDAC2_100"
"PDAC2_s0_a101_ac_full.tiff","PDAC2_Sector4Row1Column3_Punch2_Case34_ID_1_67299","PDAC2_101"
"PDAC2_s0_a102_ac_full.tiff","PDAC2_Sector2Row3Column3_Punch1_Case153_ID_GSDM_347","PDAC2_102"
"PDAC2_s0_a103_ac_full.tiff","PDAC2_Sector2Row2Column8_Punch1_Case150_ID_GSDM_2683","PDAC2_103"
"PDAC2_s0_a104_ac_full.tiff","PDAC2_Sector1Row4Column1_Punch1_Case127_ID_GSDM_1885","PDAC2_104"
"PDAC2_s0_a105_ac_full.tiff","PDAC2_Sector4Row2Column8_Punch2_Case47_ID_1_72749","PDAC2_105"
"PDAC2_s0_a106_ac_full.tiff","PDAC2_Sector4Row3Column8_Punch2_Case55_ID_1_89880","PDAC2_106"
"PDAC2_s0_a107_ac_full.tiff","PDAC2_Sector3Row1Column7_Punch2_Case6_ID_1_106476","PDAC2_107"
"PDAC2_s0_a108_ac_full.tiff","PDAC2_Sector2Row1Column7_Punch1_Case141_ID_GSDM_2487","PDAC2_108"
"PDAC2_s0_a109_ac_full.tiff","PDAC2_Sector2Row1Column4_Punch1_Case138_ID_GSDM_2310","PDAC2_109"
"PDAC2_s0_a110_ac_full.tiff","PDAC2_Sector1Row3Column5_Punch1_Case123_ID_GSDM_1747","PDAC2_110"
"PDAC2_s0_a111_ac_full.tiff","PDAC2_Sector2Row2Column7_Punch1_Case149_ID_GSDM_2663","PDAC2_111"
"PDAC7_s0_a1_ac_full.tiff","PDAC7_Sector1Row4Column1_Punch1_Case194_ID_1_85948","PDAC7_1"
"PDAC7_s0_a3_ac_full.tiff","PDAC7_Sector2Row2Column6_Punch2_Case200_ID_1_92732","PDAC7_3"
"PDAC7_s0_a4_ac_full.tiff","PDAC7_Sector2Row5Column6_Punch2_Case218_ID_GSDM_1900","PDAC7_4"
"PDAC7_s0_a6_ac_full.tiff","PDAC7_Sector1Row9Column7_Punch2_Case185_ID_1_68643","PDAC7_6"
"PDAC7_s0_a8_ac_full.tiff","PDAC7_Sector1Row6Column10_Punch1_Case223_ID_GSDM_2254","PDAC7_8"
"PDAC7_s0_a9_ac_full.tiff","PDAC7_Sector1Row8Column10_Punch2_Case178_ID_1_49506","PDAC7_9"
"PDAC7_s0_a10_ac_full.tiff","PDAC7_Sector1Row7Column9_Punch2_Case167_ID_1_105541","PDAC7_10"
"PDAC7_s0_a13_ac_full.tiff","PDAC7_Sector1Row1Column7_Punch1_Case170_ID_1_3625","PDAC7_13"
"PDAC7_s0_a14_ac_full.tiff","PDAC7_Sector1Row3Column3_Punch1_Case186_ID_1_68868","PDAC7_14"
"PDAC7_s0_a15_ac_full.tiff","PDAC7_Sector1Row9Column3_Punch2_Case181_ID_1_56604","PDAC7_15"
"PDAC7_s0_a16_ac_full.tiff","PDAC7_Sector1Row3Column9_Punch1_Case192_ID_1_77965","PDAC7_16"
"PDAC7_s0_a17_ac_full.tiff","PDAC7_Sector2Row6Column1_Punch2_Case219_ID_GSDM_1920","PDAC7_17"
"PDAC7_s0_a18_ac_full.tiff","PDAC7_Sector2Row3Column4_Punch2_Case204_ID_1_96030","PDAC7_18"
"PDAC7_s0_a19_ac_full.tiff","PDAC7_Sector2Row1Column5_Punch2_Case193_ID_1_78132","PDAC7_19"
"PDAC7_s0_a21_ac_full.tiff","PDAC7_Sector1Row9Column5_Punch2_Case183_ID_1_68291","PDAC7_21"
"PDAC7_s0_a24_ac_full.tiff","PDAC7_Sector1Row8Column5_Punch2_Case173_ID_1_44785","PDAC7_24"
"PDAC7_s0_a25_ac_full.tiff","PDAC7_Sector1Row4Column7_Punch1_Case200_ID_1_92732","PDAC7_25"
"PDAC7_s0_a26_ac_full.tiff","PDAC7_Sector2Row1Column4_Punch2_Case192_ID_1_77965","PDAC7_26"
"PDAC7_s0_a27_ac_full.tiff","PDAC7_Sector1Row5Column9_Punch1_Case212_ID_GSDM_1069","PDAC7_27"
"PDAC7_s0_a28_ac_full.tiff","PDAC7_Sector1Row1Column5_Punch1_Case168_ID_1_3385","PDAC7_28"
"PDAC7_s0_a29_ac_full.tiff","PDAC7_Sector2Row1Column2_Punch2_Case190_ID_1_77402","PDAC7_29"
"PDAC7_s0_a30_ac_full.tiff","PDAC7_Sector1Row6Column9_Punch1_Case222_ID_GSDM_2196","PDAC7_30"
"PDAC7_s0_a32_ac_full.tiff","PDAC7_Sector2Row6Column6_Punch2_Case224_ID_GSDM_2424","PDAC7_32"
"PDAC7_s0_a33_ac_full.tiff","PDAC7_Sector1Row7Column7_Punch1_Case230_ID_GSDM_973","PDAC7_33"
"PDAC7_s0_a35_ac_full.tiff","PDAC7_Sector1Row3Column8_Punch1_Case191_ID_1_77495","PDAC7_35"
"PDAC7_s0_a36_ac_full.tiff","PDAC7_Sector1Row2Column4_Punch1_Case177_ID_1_48081","PDAC7_36"
"PDAC7_s0_a37_ac_full.tiff","PDAC7_Sector1Row4Column8_Punch1_Case201_ID_1_95173","PDAC7_37"
"PDAC7_s0_a38_ac_full.tiff","PDAC7_Sector2Row7Column3_Punch2_Case227_ID_GSDM_2651","PDAC7_38"
"PDAC7_s0_a39_ac_full.tiff","PDAC7_Sector1Row6Column2_Punch1_Case215_ID_GSDM_1346","PDAC7_39"
"PDAC7_s0_a40_ac_full.tiff","PDAC7_Sector1Row4Column5_Punch1_Case198_ID_1_89590","PDAC7_40"
"PDAC7_s0_a41_ac_full.tiff","PDAC7_Sector2Row3Column6_Punch2_Case206_ID_G_17542","PDAC7_41"
"PDAC7_s0_a42_ac_full.tiff","PDAC7_Sector2Row2Column2_Punch2_Case196_ID_1_87631","PDAC7_42"
"PDAC7_s0_a43_ac_full.tiff","PDAC7_Sector1Row1Column10_Punch1_Case173_ID_1_44785","PDAC7_43"
"PDAC7_s0_a44_ac_full.tiff","PDAC7_Sector1Row1Column9_Punch1_Case172_ID_1_4467","PDAC7_44"
"PDAC7_s0_a45_ac_full.tiff","PDAC7_Sector1Row7Column5_Punch1_Case228_ID_GSDM_2748","PDAC7_45"
"PDAC7_s0_a46_ac_full.tiff","PDAC7_Sector1Row6Column4_Punch1_Case217_ID_GSDM_1529","PDAC7_46"
"PDAC7_s0_a47_ac_full.tiff","PDAC7_Sector2Row3Column3_Punch2_Case203_ID_1_95905","PDAC7_47"
"PDAC7_s0_a48_ac_full.tiff","PDAC7_Sector2Row4Column6_Punch2_Case212_ID_GSDM_1069","PDAC7_48"
"PDAC7_s0_a49_ac_full.tiff","PDAC7_Sector1Row5Column2_Punch1_Case205_ID_1_99178","PDAC7_49"
"PDAC7_s0_a50_ac_full.tiff","PDAC7_Sector1Row7Column4_Punch1_Case227_ID_GSDM_2651","PDAC7_50"
"PDAC7_s0_a52_ac_full.tiff","PDAC7_Sector1Row5Column5_Punch1_Case208_ID_G_26819","PDAC7_52"
"PDAC7_s0_a53_ac_full.tiff","PDAC7_Sector2Row3Column1_Punch2_Case201_ID_1_95173","PDAC7_53"
"PDAC7_s0_a54_ac_full.tiff","PDAC7_Sector1Row3Column10_Punch1_Case193_ID_1_78132","PDAC7_54"
"PDAC7_s0_a55_ac_full.tiff","PDAC7_Sector2Row3Column2_Punch2_Case202_ID_1_95427","PDAC7_55"
"PDAC7_s0_a57_ac_full.tiff","PDAC7_Sector1Row2Column3_Punch1_Case176_ID_1_47625","PDAC7_57"
"PDAC7_s0_a61_ac_full.tiff","PDAC7_Sector2Row2Column3_Punch2_Case197_ID_1_87784","PDAC7_61"
"PDAC7_s0_a62_ac_full.tiff","PDAC7_Sector1Row4Column2_Punch1_Case195_ID_1_86289","PDAC7_62"
"PDAC7_s0_a64_ac_full.tiff","PDAC7_Sector1Row3Column6_Punch1_Case189_ID_1_77191","PDAC7_64"
"PDAC7_s0_a66_ac_full.tiff","PDAC7_Sector1Row4Column9_Punch1_Case202_ID_1_95427","PDAC7_66"
"PDAC7_s0_a67_ac_full.tiff","PDAC7_Sector1Row8Column4_Punch2_Case172_ID_1_4467","PDAC7_67"
"PDAC7_s0_a69_ac_full.tiff","PDAC7_Sector1Row7Column3_Punch1_Case226_ID_GSDM_2547","PDAC7_69"
"PDAC7_s0_a70_ac_full.tiff","PDAC7_Sector1Row6Column3_Punch1_Case216_ID_GSDM_1472","PDAC7_70"
"PDAC7_s0_a71_ac_full.tiff","PDAC7_Sector2Row4Column2_Punch2_Case208_ID_G_26819","PDAC7_71"
"PDAC7_s0_a72_ac_full.tiff","PDAC7_Sector2Row5Column3_Punch2_Case215_ID_GSDM_1346","PDAC7_72"
"PDAC7_s0_a73_ac_full.tiff","PDAC7_Sector1Row4Column4_Punch1_Case197_ID_1_87784","PDAC7_73"
"PDAC7_s0_a74_ac_full.tiff","PDAC7_Sector2Row8Column3_Punch3_Case168_ID_1_3385","PDAC7_74"
"PDAC7_s0_a75_ac_full.tiff","PDAC7_Sector2Row7Column2_Punch2_Case226_ID_GSDM_2547","PDAC7_75"
"PDAC7_s0_a76_ac_full.tiff","PDAC7_Sector1Row6Column5_Punch1_Case218_ID_GSDM_1900","PDAC7_76"
"PDAC7_s0_a77_ac_full.tiff","PDAC7_Sector2Row1Column6_Punch2_Case194_ID_1_85948","PDAC7_77"
"PDAC7_s0_a78_ac_full.tiff","PDAC7_Sector2Row5Column4_Punch2_Case216_ID_GSDM_1472","PDAC7_78"
"PDAC7_s0_a79_ac_full.tiff","PDAC7_Sector1Row5Column4_Punch1_Case207_ID_G_21782","PDAC7_79"
"PDAC7_s0_a80_ac_full.tiff","PDAC7_Sector2Row2Column4_Punch2_Case198_ID_1_89590","PDAC7_80"
"PDAC7_s0_a81_ac_full.tiff","PDAC7_Sector1Row9Column4_Punch2_Case182_ID_1_67113","PDAC7_81"
"PDAC7_s0_a82_ac_full.tiff","PDAC7_Sector2Row2Column1_Punch2_Case195_ID_1_86289","PDAC7_82"
"PDAC7_s0_a83_ac_full.tiff","PDAC7_Sector1Row6Column6_Punch1_Case219_ID_GSDM_1920","PDAC7_83"
"PDAC7_s0_a85_ac_full.tiff","PDAC7_Sector2Row3Column5_Punch2_Case205_ID_1_99178","PDAC7_85"
"PDAC7_s0_a86_ac_full.tiff","PDAC7_Sector2Row6Column4_Punch2_Case222_ID_GSDM_2196","PDAC7_86"
"PDAC7_s0_a88_ac_full.tiff","PDAC7_Sector2Row7Column6_Punch2_Case230_ID_GSDM_973","PDAC7_88"
"PDAC7_s0_a89_ac_full.tiff","PDAC7_Sector1Row3Column2_Punch1_Case185_ID_1_68643","PDAC7_89"
"PDAC7_s0_a90_ac_full.tiff","PDAC7_Sector1Row2Column7_Punch1_Case180_ID_1_55608","PDAC7_90"
"PDAC7_s0_a92_ac_full.tiff","PDAC7_Sector1Row4Column3_Punch1_Case196_ID_1_87631","PDAC7_92"
"PDAC7_s0_a94_ac_full.tiff","PDAC7_Sector2Row6Column2_Punch2_Case220_ID_GSDM_2045","PDAC7_94"
"PDAC7_s0_a96_ac_full.tiff","PDAC7_Sector1Row5Column3_Punch1_Case206_ID_G_17542","PDAC7_96"
"PDAC7_s0_a97_ac_full.tiff","PDAC7_Sector1Row6Column7_Punch1_Case220_ID_GSDM_2045","PDAC7_97"
"PDAC7_s0_a98_ac_full.tiff","PDAC7_Sector2Row1Column3_Punch2_Case191_ID_1_77495","PDAC7_98"
"PDAC7_s0_a100_ac_full.tiff","PDAC7_Sector2Row7Column4_Punch2_Case228_ID_GSDM_2748","PDAC7_100"
"PDAC7_s0_a102_ac_full.tiff","PDAC7_Sector1Row5Column6_Punch1_Case209_ID_G_30919","PDAC7_102"
"PDAC7_s0_a103_ac_full.tiff","PDAC7_Sector1Row2Column8_Punch1_Case181_ID_1_56604","PDAC7_103"
"PDAC7_s0_a105_ac_full.tiff","PDAC7_Sector1Row3Column4_Punch1_Case187_ID_1_72137","PDAC7_105"
"PDAC7_s0_a106_ac_full.tiff","PDAC7_Sector1Row4Column10_Punch1_Case203_ID_1_95905","PDAC7_106"
"PDAC7_s0_a107_ac_full.tiff","PDAC7_Sector1Row9Column8_Punch2_Case186_ID_1_68868","PDAC7_107"
"PDAC7_s0_a108_ac_full.tiff","PDAC7_Sector1Row2Column9_Punch1_Case182_ID_1_67113","PDAC7_108"
"PDAC7_s0_a109_ac_full.tiff","PDAC7_Sector1Row1Column6_Punch1_Case169_ID_1_3427","PDAC7_109"
"PDAC7_s0_a110_ac_full.tiff","PDAC7_Sector1Row9Column6_Punch2_Case184_ID_1_68539","PDAC7_110"
"PDAC7_s0_a112_ac_full.tiff","PDAC7_Sector1Row7Column1_Punch1_Case224_ID_GSDM_2424","PDAC7_112"
"PDAC7_s0_a113_ac_full.tiff","PDAC7_Sector1Row6Column8_Punch1_Case221_ID_GSDM_2133","PDAC7_113"
"PDAC7_s0_a116_ac_full.tiff","PDAC7_Sector2Row4Column3_Punch2_Case209_ID_G_30919","PDAC7_116"
"PDAC7_s0_a119_ac_full.tiff","PDAC7_Sector1Row5Column1_Punch1_Case204_ID_1_96030","PDAC7_119"
"PDAC7_s0_a121_ac_full.tiff","PDAC7_Sector2Row7Column1_Punch2_Case225_ID_GSDM_2525","PDAC7_121"
"PDAC7_s0_a122_ac_full.tiff","PDAC7_Sector1Row4Column6_Punch1_Case199_ID_1_91610","PDAC7_122"
"PDAC7_s0_a124_ac_full.tiff","PDAC7_Sector1Row3Column7_Punch1_Case190_ID_1_77402","PDAC7_124"
"PDAC7_s0_a126_ac_full.tiff","PDAC7_Sector2Row6Column5_Punch2_Case223_ID_GSDM_2254","PDAC7_126"
"PDAC7_s0_a127_ac_full.tiff","PDAC7_Sector1Row7Column10_Punch2_Case168_ID_1_3385","PDAC7_127"
"PDAC7_s0_a128_ac_full.tiff","PDAC7_Sector1Row9Column9_Punch2_Case187_ID_1_72137","PDAC7_128"
"PDAC7_s0_a129_ac_full.tiff","PDAC7_Sector1Row3Column1_Punch1_Case184_ID_1_68539","PDAC7_129"
"PDAC7_s0_a130_ac_full.tiff","PDAC7_Sector2Row9Column1_Punch3_Case172_ID_1_4467","PDAC7_130"
"PDAC7_s0_a131_ac_full.tiff","PDAC7_Sector1Row2Column5_Punch1_Case178_ID_1_49506","PDAC7_131"
"PDAC7_s0_a132_ac_full.tiff","PDAC7_Sector2Row6Column3_Punch2_Case221_ID_GSDM_2133","PDAC7_132"
"PDAC7_s0_a133_ac_full.tiff","PDAC7_Sector1Row8Column9_Punch2_Case177_ID_1_48081","PDAC7_133"
"PDAC7_s0_a134_ac_full.tiff","PDAC7_Sector1Row2Column6_Punch1_Case179_ID_1_49607","PDAC7_134"
"PDAC7_s0_a136_ac_full.tiff","PDAC7_Sector2Row2Column5_Punch2_Case199_ID_1_91610","PDAC7_136"
"PDAC7_s0_a137_ac_full.tiff","PDAC7_Sector1Row7Column9_Punch2_Case167_ID_1_105541","PDAC7_137"
"PDAC8_s0_a4_ac_full.tiff","PDAC8_Sector2Row7Column10_Punch4_Case224_ID_GSDM_2424","PDAC8_4"
"PDAC8_s0_a5_ac_full.tiff","PDAC8_Sector2Row1Column8_Punch3_Case227_ID_GSDM_2651","PDAC8_5"
"PDAC8_s0_a8_ac_full.tiff","PDAC8_Sector1Row6Column1_Punch3_Case202_ID_1_95427","PDAC8_8"
"PDAC8_s0_a9_ac_full.tiff","PDAC8_Sector1Row2Column1_Punch3_Case178_ID_1_49506","PDAC8_9"
"PDAC8_s0_a13_ac_full.tiff","PDAC8_Sector2Row2Column1_Punch3_Case230_ID_GSDM_973","PDAC8_13"
"PDAC8_s0_a14_ac_full.tiff","PDAC8_Sector1Row6Column2_Punch3_Case203_ID_1_95905","PDAC8_14"
"PDAC8_s0_a15_ac_full.tiff","PDAC8_Sector2Row4Column8_Punch4_Case192_ID_1_77965","PDAC8_15"
"PDAC8_s0_a16_ac_full.tiff","PDAC8_Sector2Row8Column2_Punch4_Case226_ID_GSDM_2547","PDAC8_16"
"PDAC8_s0_a17_ac_full.tiff","PDAC8_Sector1Row3Column4_Punch3_Case186_ID_1_68868","PDAC8_17"
"PDAC8_s0_a20_ac_full.tiff","PDAC8_Sector2Row2Column4_Punch4_Case168_ID_1_3385","PDAC8_20"
"PDAC8_s0_a21_ac_full.tiff","PDAC8_Sector2Row5Column4_Punch4_Case198_ID_1_89590","PDAC8_21"
"PDAC8_s0_a26_ac_full.tiff","PDAC8_Sector1Row8Column3_Punch3_Case216_ID_GSDM_1472","PDAC8_26"
"PDAC8_s0_a27_ac_full.tiff","PDAC8_Sector2Row1Column3_Punch3_Case222_ID_GSDM_2196","PDAC8_27"
"PDAC8_s0_a28_ac_full.tiff","PDAC8_Sector1Row1Column6_Punch3_Case177_ID_1_48081","PDAC8_28"
"PDAC8_s0_a29_ac_full.tiff","PDAC8_Sector1Row4Column6_Punch3_Case195_ID_1_86289","PDAC8_29"
"PDAC8_s0_a30_ac_full.tiff","PDAC8_Sector2Row7Column6_Punch4_Case220_ID_GSDM_2045","PDAC8_30"
"PDAC8_s0_a32_ac_full.tiff","PDAC8_Sector2Row4Column6_Punch4_Case190_ID_1_77402","PDAC8_32"
"PDAC8_s0_a33_ac_full.tiff","PDAC8_Sector1Row2Column5_Punch3_Case182_ID_1_67113","PDAC8_33"
"PDAC8_s0_a34_ac_full.tiff","PDAC8_Sector2Row1Column6_Punch3_Case225_ID_GSDM_2525","PDAC8_34"
"PDAC8_s0_a35_ac_full.tiff","PDAC8_Sector2Row1Column9_Punch3_Case228_ID_GSDM_2748","PDAC8_35"
"PDAC8_s0_a36_ac_full.tiff","PDAC8_Sector1Row6Column3_Punch3_Case204_ID_1_96030","PDAC8_36"
"PDAC8_s0_a37_ac_full.tiff","PDAC8_Sector1Row5Column3_Punch3_Case198_ID_1_89590","PDAC8_37"
"PDAC8_s0_a38_ac_full.tiff","PDAC8_Sector2Row1Column1_Punch3_Case220_ID_GSDM_2045","PDAC8_38"
"PDAC8_s0_a39_ac_full.tiff","PDAC8_Sector1Row4Column2_Punch3_Case191_ID_1_77495","PDAC8_39"
"PDAC8_s0_a41_ac_full.tiff","PDAC8_Sector1Row8Column4_Punch3_Case217_ID_GSDM_1529","PDAC8_41"
"PDAC8_s0_a42_ac_full.tiff","PDAC8_Sector1Row6Column5_Punch3_Case206_ID_G_17542","PDAC8_42"
"PDAC8_s0_a44_ac_full.tiff","PDAC8_Sector2Row7Column9_Punch4_Case223_ID_GSDM_2254","PDAC8_44"
"PDAC8_s0_a45_ac_full.tiff","PDAC8_Sector1Row5Column4_Punch3_Case199_ID_1_91610","PDAC8_45"
"PDAC8_s0_a46_ac_full.tiff","PDAC8_Sector2Row3Column3_Punch4_Case177_ID_1_48081","PDAC8_46"
"PDAC8_s0_a47_ac_full.tiff","PDAC8_Sector2Row3Column8_Punch4_Case182_ID_1_67113","PDAC8_47"
"PDAC8_s0_a51_ac_full.tiff","PDAC8_Sector1Row8Column5_Punch3_Case218_ID_GSDM_1900","PDAC8_51"
"PDAC8_s0_a52_ac_full.tiff","PDAC8_Sector2Row3Column10_Punch4_Case184_ID_1_68539","PDAC8_52"
"PDAC8_s0_a53_ac_full.tiff","PDAC8_Sector1Row7Column5_Punch3_Case212_ID_GSDM_1069","PDAC8_53"
"PDAC8_s0_a55_ac_full.tiff","PDAC8_Sector2Row3Column4_Punch4_Case178_ID_1_49506","PDAC8_55"
"PDAC8_s0_a56_ac_full.tiff","PDAC8_Sector1Row5Column5_Punch3_Case200_ID_1_92732","PDAC8_56"
"PDAC8_s0_a57_ac_full.tiff","PDAC8_Sector2Row6Column1_Punch4_Case205_ID_1_99178","PDAC8_57"
"PDAC8_s0_a58_ac_full.tiff","PDAC8_Sector1Row4Column3_Punch3_Case192_ID_1_77965","PDAC8_58"
"PDAC8_s0_a59_ac_full.tiff","PDAC8_Sector2Row7Column2_Punch4_Case216_ID_GSDM_1472","PDAC8_59"
"PDAC8_s0_a60_ac_full.tiff","PDAC8_Sector2Row3Column5_Punch4_Case179_ID_1_49607","PDAC8_60"
"PDAC8_s0_a61_ac_full.tiff","PDAC8_Sector2Row6Column4_Punch4_Case208_ID_G_26819","PDAC8_61"
"PDAC8_s0_a62_ac_full.tiff","PDAC8_Sector2Row4Column9_Punch4_Case193_ID_1_78132","PDAC8_62"
"PDAC8_s0_a63_ac_full.tiff","PDAC8_Sector1Row2Column2_Punch3_Case179_ID_1_49607","PDAC8_63"
"PDAC8_s0_a64_ac_full.tiff","PDAC8_Sector1Row7Column1_Punch3_Case208_ID_G_26819","PDAC8_64"
"PDAC8_s0_a67_ac_full.tiff","PDAC8_Sector2Row5Column2_Punch4_Case196_ID_1_87631","PDAC8_67"
"PDAC8_s0_a68_ac_full.tiff","PDAC8_Sector2Row7Column5_Punch4_Case219_ID_GSDM_1920","PDAC8_68"
"PDAC8_s0_a69_ac_full.tiff","PDAC8_Sector1Row4Column4_Punch3_Case193_ID_1_78132","PDAC8_69"
"PDAC8_s0_a70_ac_full.tiff","PDAC8_Sector2Row7Column1_Punch4_Case215_ID_GSDM_1346","PDAC8_70"
"PDAC8_s0_a71_ac_full.tiff","PDAC8_Sector2Row5Column9_Punch4_Case203_ID_1_95905","PDAC8_71"
"PDAC8_s0_a72_ac_full.tiff","PDAC8_Sector2Row8Column6_Punch4_Case230_ID_GSDM_973","PDAC8_72"
"PDAC8_s0_a73_ac_full.tiff","PDAC8_Sector2Row6Column2_Punch4_Case206_ID_G_17542","PDAC8_73"
"PDAC8_s0_a74_ac_full.tiff","PDAC8_Sector2Row4Column2_Punch4_Case186_ID_1_68868","PDAC8_74"
"PDAC8_s0_a76_ac_full.tiff","PDAC8_Sector1Row4Column1_Punch3_Case190_ID_1_77402","PDAC8_76"
"PDAC8_s0_a77_ac_full.tiff","PDAC8_Sector2Row6Column9_Punch4_Case213_ID_GSDM_1096","PDAC8_77"
"PDAC8_s0_a78_ac_full.tiff","PDAC8_Sector1Row4Column5_Punch3_Case194_ID_1_85948","PDAC8_78"
"PDAC8_s0_a79_ac_full.tiff","PDAC8_Sector2Row6Column5_Punch4_Case209_ID_G_30919","PDAC8_79"
"PDAC8_s0_a80_ac_full.tiff","PDAC8_Sector2Row4Column3_Punch4_Case187_ID_1_72137","PDAC8_80"
"PDAC8_s0_a81_ac_full.tiff","PDAC8_Sector2Row1Column5_Punch3_Case224_ID_GSDM_2424","PDAC8_81"
"PDAC8_s0_a83_ac_full.tiff","PDAC8_Sector1Row8Column6_Punch3_Case219_ID_GSDM_1920","PDAC8_83"
"PDAC8_s0_a84_ac_full.tiff","PDAC8_Sector1Row7Column6_Punch3_Case213_ID_GSDM_1096","PDAC8_84"
"PDAC8_s0_a85_ac_full.tiff","PDAC8_Sector1Row8Column2_Punch3_Case215_ID_GSDM_1346","PDAC8_85"
"PDAC8_s0_a89_ac_full.tiff","PDAC8_Sector1Row5Column1_Punch3_Case196_ID_1_87631","PDAC8_89"
"PDAC8_s0_a91_ac_full.tiff","PDAC8_Sector2Row5Column6_Punch4_Case200_ID_1_92732","PDAC8_91"
"PDAC8_s0_a92_ac_full.tiff","PDAC8_Sector1Row3Column1_Punch3_Case184_ID_1_68539","PDAC8_92"
"PDAC8_s0_a94_ac_full.tiff","PDAC8_Sector2Row7Column8_Punch4_Case222_ID_GSDM_2196","PDAC8_94"
"PDAC8_s0_a95_ac_full.tiff","PDAC8_Sector2Row4Column10_Punch4_Case194_ID_1_85948","PDAC8_95"
"PDAC8_s0_a96_ac_full.tiff","PDAC8_Sector2Row2Column8_Punch4_Case172_ID_1_4467","PDAC8_96"
"PDAC8_s0_a97_ac_full.tiff","PDAC8_Sector2Row4Column7_Punch4_Case191_ID_1_77495","PDAC8_97"
"PDAC8_s0_a99_ac_full.tiff","PDAC8_Sector1Row2Column3_Punch3_Case180_ID_1_55608","PDAC8_99"
"PDAC8_s0_a100_ac_full.tiff","PDAC8_Sector2Row7Column7_Punch4_Case221_ID_GSDM_2133","PDAC8_100"
"PDAC8_s0_a101_ac_full.tiff","PDAC8_Sector1Row3Column5_Punch3_Case187_ID_1_72137","PDAC8_101"
"PDAC8_s0_a102_ac_full.tiff","PDAC8_Sector1Row2Column6_Punch3_Case183_ID_1_68291","PDAC8_102"
"PDAC8_s0_a103_ac_full.tiff","PDAC8_Sector2Row4Column5_Punch4_Case189_ID_1_77191","PDAC8_103"
"PDAC8_s0_a104_ac_full.tiff","PDAC8_Sector1Row7Column2_Punch3_Case209_ID_G_30919","PDAC8_104"
"PDAC8_s0_a107_ac_full.tiff","PDAC8_Sector2Row5Column8_Punch4_Case202_ID_1_95427","PDAC8_107"
"PDAC8_s0_a110_ac_full.tiff","PDAC8_Sector2Row1Column4_Punch3_Case223_ID_GSDM_2254","PDAC8_110"
"PDAC8_s0_a111_ac_full.tiff","PDAC8_Sector1Row3Column6_Punch3_Case189_ID_1_77191","PDAC8_111"
"PDAC8_s0_a114_ac_full.tiff","PDAC8_Sector1Row3Column2_Punch3_Case185_ID_1_68643","PDAC8_114"
"PDAC8_s0_a115_ac_full.tiff","PDAC8_Sector2Row8Column5_Punch4_Case229_ID_GSDM_823","PDAC8_115"
"PDAC8_s0_a117_ac_full.tiff","PDAC8_Sector1Row1Column5_Punch3_Case176_ID_1_47625","PDAC8_117"
"PDAC8_s0_a118_ac_full.tiff","PDAC8_Sector2Row5Column1_Punch4_Case195_ID_1_86289","PDAC8_118"
"PDAC8_s0_a119_ac_full.tiff","PDAC8_Sector1Row6Column4_Punch3_Case205_ID_1_99178","PDAC8_119"
"PDAC5_s0_a1_ac_full.tiff","PDAC5_Sector3Row2Column7_Punch4_Case16_ID_1_42221","PDAC5_1"
"PDAC5_s0_a2_ac_full.tiff","PDAC5_Sector3Row3Column3_Punch4_Case20_ID_1_4567","PDAC5_2"
"PDAC5_s0_a3_ac_full.tiff","PDAC5_Sector3Row4Column8_Punch4_Case33_ID_1_67113","PDAC5_3"
"PDAC5_s0_a4_ac_full.tiff","PDAC5_Sector2Row2Column7_Punch3_Case151_ID_GSDM_2703","PDAC5_4"
"PDAC5_s0_a5_ac_full.tiff","PDAC5_Sector2Row4Column5_Punch3_Case165_ID_GSDM_992","PDAC5_5"
"PDAC5_s0_a6_ac_full.tiff","PDAC5_Sector2Row4Column4_Punch3_Case164_ID_GSDM_969","PDAC5_6"
"PDAC5_s0_a7_ac_full.tiff","PDAC5_Sector3Row2Column4_Punch4_Case13_ID_1_40185","PDAC5_7"
"PDAC5_s0_a9_ac_full.tiff","PDAC5_Sector2Row2Column8_Punch3_Case152_ID_GSDM_283","PDAC5_9"
"PDAC5_s0_a10_ac_full.tiff","PDAC5_Sector3Row4Column1_Punch4_Case26_ID_1_5102","PDAC5_10"
"PDAC5_s0_a11_ac_full.tiff","PDAC5_Sector4Row1Column5_Punch4_Case38_ID_1_69785","PDAC5_11"
"PDAC5_s0_a12_ac_full.tiff","PDAC5_Sector1Row2Column1_Punch3_Case113_ID_GSDM_1265","PDAC5_12"
"PDAC5_s0_a13_ac_full.tiff","PDAC5_Sector4Row1Column6_Punch4_Case39_ID_1_69943","PDAC5_13"
"PDAC5_s0_a14_ac_full.tiff","PDAC5_Sector1Row4Column4_Punch3_Case132_ID_GSDM_2053","PDAC5_14"
"PDAC5_s0_a15_ac_full.tiff","PDAC5_Sector4Row1Column2_Punch4_Case35_ID_1_67731","PDAC5_15"
"PDAC5_s0_a16_ac_full.tiff","PDAC5_Sector2Row1Column8_Punch3_Case144_ID_GSDM_2518","PDAC5_16"
"PDAC5_s0_a17_ac_full.tiff","PDAC5_Sector2Row4Column1_Punch3_Case161_ID_GSDM_930","PDAC5_17"
"PDAC5_s0_a18_ac_full.tiff","PDAC5_Sector4Row2Column4_Punch4_Case45_ID_1_71273","PDAC5_18"
"PDAC5_s0_a19_ac_full.tiff","PDAC5_Sector3Row4Column3_Punch4_Case28_ID_1_52582","PDAC5_19"
"PDAC5_s0_a20_ac_full.tiff","PDAC5_Sector3Row2Column6_Punch4_Case15_ID_1_41902","PDAC5_20"
"PDAC5_s0_a21_ac_full.tiff","PDAC5_Sector4Row3Column6_Punch4_Case54_ID_1_87248","PDAC5_21"
"PDAC5_s0_a22_ac_full.tiff","PDAC5_Sector3Row1Column8_Punch4_Case9_ID_1_3430","PDAC5_22"
"PDAC5_s0_a23_ac_full.tiff","PDAC5_Sector1Row4Column3_Punch3_Case131_ID_GSDM_1965","PDAC5_23"
"PDAC5_s0_a24_ac_full.tiff","PDAC5_Sector2Row4Column8_Punch4_Case1_ID_1_100070","PDAC5_24"
"PDAC5_s0_a25_ac_full.tiff","PDAC5_Sector3Row3Column2_Punch4_Case19_ID_1_45196","PDAC5_25"
"PDAC5_s0_a26_ac_full.tiff","PDAC5_Sector1Row4Column8_Punch3_Case136_ID_GSDM_2185","PDAC5_26"
"PDAC5_s0_a27_ac_full.tiff","PDAC5_Sector1Row4Column2_Punch3_Case130_ID_GSDM_1952","PDAC5_27"
"PDAC5_s0_a29_ac_full.tiff","PDAC5_Sector4Row3Column4_Punch4_Case52_ID_1_85532","PDAC5_29"
"PDAC5_s0_a30_ac_full.tiff","PDAC5_Sector3Row2Column5_Punch4_Case14_ID_1_4045","PDAC5_30"
"PDAC5_s0_a31_ac_full.tiff","PDAC5_Sector2Row3Column7_Punch3_Case159_ID_GSDM_862","PDAC5_31"
"PDAC5_s0_a32_ac_full.tiff","PDAC5_Sector2Row1Column7_Punch3_Case143_ID_GSDM_2506","PDAC5_32"
"PDAC5_s0_a33_ac_full.tiff","PDAC5_Sector3Row1Column6_Punch4_Case7_ID_1_109753","PDAC5_33"
"PDAC5_s0_a34_ac_full.tiff","PDAC5_Sector3Row1Column3_Punch4_Case4_ID_1_104134","PDAC5_34"
"PDAC5_s0_a35_ac_full.tiff","PDAC5_Sector1Row3Column3_Punch3_Case123_ID_GSDM_1747","PDAC5_35"
"PDAC5_s0_a36_ac_full.tiff","PDAC5_Sector1Row4Column6_Punch3_Case134_ID_GSDM_2119","PDAC5_36"
"PDAC5_s0_a37_ac_full.tiff","PDAC5_Sector3Row2Column1_Punch4_Case10_ID_1_35154","PDAC5_37"
"PDAC5_s0_a38_ac_full.tiff","PDAC5_Sector1Row3Column8_Punch3_Case128_ID_GSDM_1894","PDAC5_38"
"PDAC5_s0_a40_ac_full.tiff","PDAC5_Sector1Row4Column1_Punch3_Case129_ID_GSDM_1949","PDAC5_40"
"PDAC5_s0_a42_ac_full.tiff","PDAC5_Sector3Row3Column1_Punch4_Case18_ID_1_44422","PDAC5_42"
"PDAC5_s0_a43_ac_full.tiff","PDAC5_Sector1Row3Column1_Punch3_Case121_ID_GSDM_1604","PDAC5_43"
"PDAC5_s0_a44_ac_full.tiff","PDAC5_Sector2Row1Column1_Punch3_Case137_ID_GSDM_2221","PDAC5_44"
"PDAC5_s0_a45_ac_full.tiff","PDAC5_Sector3Row1Column1_Punch4_Case2_ID_1_100217","PDAC5_45"
"PDAC5_s0_a46_ac_full.tiff","PDAC5_Sector2Row2Column4_Punch3_Case148_ID_GSDM_2586","PDAC5_46"
"PDAC5_s0_a47_ac_full.tiff","PDAC5_Sector4Row3Column5_Punch4_Case53_ID_1_85810","PDAC5_47"
"PDAC5_s0_a48_ac_full.tiff","PDAC5_Sector1Row3Column4_Punch3_Case124_ID_GSDM_1774","PDAC5_48"
"PDAC5_s0_a49_ac_full.tiff","PDAC5_Sector1Row2Column8_Punch3_Case120_ID_GSDM_1587","PDAC5_49"
"PDAC5_s0_a50_ac_full.tiff","PDAC5_Sector4Row3Column3_Punch4_Case51_ID_1_85268","PDAC5_50"
"PDAC5_s0_a51_ac_full.tiff","PDAC5_Sector3Row3Column6_Punch4_Case23_ID_1_4752","PDAC5_51"
"PDAC5_s0_a52_ac_full.tiff","PDAC5_Sector2Row4Column3_Punch3_Case163_ID_GSDM_962","PDAC5_52"
"PDAC5_s0_a53_ac_full.tiff","PDAC5_Sector2Row1Column3_Punch3_Case139_ID_GSDM_2333","PDAC5_53"
"PDAC5_s0_a54_ac_full.tiff","PDAC5_Sector2Row3Column2_Punch3_Case154_ID_GSDM_555","PDAC5_54"
"PDAC5_s0_a55_ac_full.tiff","PDAC5_Sector1Row2Column3_Punch3_Case115_ID_GSDM_1395","PDAC5_55"
"PDAC5_s0_a56_ac_full.tiff","PDAC5_Sector4Row2Column2_Punch4_Case43_ID_1_70640","PDAC5_56"
"PDAC5_s0_a57_ac_full.tiff","PDAC5_Sector1Row2Column6_Punch3_Case118_ID_GSDM_1486","PDAC5_57"
"PDAC5_s0_a58_ac_full.tiff","PDAC5_Sector3Row3Column7_Punch4_Case24_ID_1_48081","PDAC5_58"
"PDAC5_s0_a59_ac_full.tiff","PDAC5_Sector1Row2Column7_Punch3_Case119_ID_GSDM_1489","PDAC5_59"
"PDAC5_s0_a60_ac_full.tiff","PDAC5_Sector2Row1Column5_Punch3_Case141_ID_GSDM_2487","PDAC5_60"
"PDAC5_s0_a61_ac_full.tiff","PDAC5_Sector4Row1Column3_Punch4_Case36_ID_1_69515","PDAC5_61"
"PDAC5_s0_a62_ac_full.tiff","PDAC5_Sector2Row3Column6_Punch3_Case158_ID_GSDM_850","PDAC5_62"
"PDAC5_s0_a63_ac_full.tiff","PDAC5_Sector3Row2Column8_Punch4_Case17_ID_1_43125","PDAC5_63"
"PDAC5_s0_a64_ac_full.tiff","PDAC5_Sector4Row2Column5_Punch4_Case46_ID_1_71998","PDAC5_64"
"PDAC5_s0_a65_ac_full.tiff","PDAC5_Sector4Row3Column7_Punch4_Case55_ID_1_89880","PDAC5_65"
"PDAC5_s0_a66_ac_full.tiff","PDAC5_Sector4Row2Column3_Punch4_Case44_ID_1_70971","PDAC5_66"
"PDAC5_s0_a67_ac_full.tiff","PDAC5_Sector4Row1Column1_Punch4_Case34_ID_1_67299","PDAC5_67"
"PDAC5_s0_a68_ac_full.tiff","PDAC5_Sector1Row3Column2_Punch3_Case122_ID_GSDM_1619","PDAC5_68"
"PDAC5_s0_a69_ac_full.tiff","PDAC5_Sector2Row1Column4_Punch3_Case140_ID_GSDM_2417","PDAC5_69"
"PDAC5_s0_a70_ac_full.tiff","PDAC5_Sector2Row3Column4_Punch3_Case156_ID_GSDM_583","PDAC5_70"
"PDAC5_s0_a71_ac_full.tiff","PDAC5_Sector1Row4Column7_Punch3_Case135_ID_GSDM_2152","PDAC5_71"
"PDAC5_s0_a72_ac_full.tiff","PDAC5_Sector3Row1Column5_Punch4_Case6_ID_1_106476","PDAC5_72"
"PDAC5_s0_a73_ac_full.tiff","PDAC5_Sector2Row3Column5_Punch3_Case157_ID_GSDM_606","PDAC5_73"
"PDAC5_s0_a74_ac_full.tiff","PDAC5_Sector4Row2Column1_Punch4_Case42_ID_1_70477","PDAC5_74"
"PDAC5_s0_a75_ac_full.tiff","PDAC5_Sector3Row4Column6_Punch4_Case31_ID_1_57450","PDAC5_75"
"PDAC5_s0_a76_ac_full.tiff","PDAC5_Sector4Row2Column6_Punch4_Case47_ID_1_72749","PDAC5_76"
"PDAC5_s0_a77_ac_full.tiff","PDAC5_Sector2Row1Column2_Punch3_Case138_ID_GSDM_2310","PDAC5_77"
"PDAC5_s0_a78_ac_full.tiff","PDAC5_Sector3Row2Column2_Punch4_Case11_ID_1_3583","PDAC5_78"
"PDAC5_s0_a79_ac_full.tiff","PDAC5_Sector4Row1Column4_Punch4_Case37_ID_1_69553","PDAC5_79"
"PDAC5_s0_a80_ac_full.tiff","PDAC5_Sector2Row2Column5_Punch3_Case149_ID_GSDM_2663","PDAC5_80"
"PDAC5_s0_a81_ac_full.tiff","PDAC5_Sector1Row3Column7_Punch3_Case127_ID_GSDM_1885","PDAC5_81"
"PDAC5_s0_a82_ac_full.tiff","PDAC5_Sector3Row3Column5_Punch4_Case22_ID_1_4623","PDAC5_82"
"PDAC5_s0_a83_ac_full.tiff","PDAC5_Sector4Row2Column8_Punch4_Case49_ID_1_76312","PDAC5_83"
"PDAC5_s0_a84_ac_full.tiff","PDAC5_Sector2Row2Column2_Punch3_Case146_ID_GSDM_2546","PDAC5_84"
"PDAC5_s0_a85_ac_full.tiff","PDAC5_Sector2Row3Column1_Punch3_Case153_ID_GSDM_347","PDAC5_85"
"PDAC5_s0_a86_ac_full.tiff","PDAC5_Sector3Row4Column4_Punch4_Case29_ID_1_54342","PDAC5_86"
"PDAC5_s0_a87_ac_full.tiff","PDAC5_Sector2Row3Column8_Punch3_Case160_ID_GSDM_920","PDAC5_87"
"PDAC5_s0_a88_ac_full.tiff","PDAC5_Sector3Row2Column3_Punch4_Case12_ID_1_3924","PDAC5_88"
"PDAC5_s0_a89_ac_full.tiff","PDAC5_Sector4Row3Column8_Punch4_Case56_ID_1_90015","PDAC5_89"
"PDAC5_s0_a90_ac_full.tiff","PDAC5_Sector3Row4Column5_Punch4_Case30_ID_1_56588","PDAC5_90"
"PDAC5_s0_a91_ac_full.tiff","PDAC5_Sector4Row1Column7_Punch4_Case40_ID_1_70237","PDAC5_91"
"PDAC5_s0_a92_ac_full.tiff","PDAC5_Sector1Row4Column5_Punch3_Case133_ID_GSDM_2116","PDAC5_92"
"PDAC5_s0_a93_ac_full.tiff","PDAC5_Sector2Row2Column6_Punch3_Case150_ID_GSDM_2683","PDAC5_93"
"PDAC5_s0_a94_ac_full.tiff","PDAC5_Sector3Row4Column7_Punch4_Case32_ID_1_66124","PDAC5_94"
"PDAC5_s0_a95_ac_full.tiff","PDAC5_Sector2Row3Column3_Punch3_Case155_ID_GSDM_567","PDAC5_95"
"PDAC5_s0_a96_ac_full.tiff","PDAC5_Sector3Row1Column4_Punch4_Case5_ID_1_104192","PDAC5_96"
"PDAC5_s0_a97_ac_full.tiff","PDAC5_Sector2Row4Column2_Punch3_Case162_ID_GSDM_931","PDAC5_97"
"PDAC5_s0_a98_ac_full.tiff","PDAC5_Sector2Row1Column6_Punch3_Case142_ID_GSDM_2503","PDAC5_98"
"PDAC5_s0_a99_ac_full.tiff","PDAC5_Sector3Row1Column7_Punch4_Case8_ID_1_112577","PDAC5_99"
"PDAC5_s0_a100_ac_full.tiff","PDAC5_Sector4Row1Column8_Punch4_Case41_ID_1_70327","PDAC5_100"
"PDAC5_s0_a101_ac_full.tiff","PDAC5_Sector3Row1Column2_Punch4_Case3_ID_1_103356","PDAC5_101"
"PDAC5_s0_a102_ac_full.tiff","PDAC5_Sector2Row4Column6_Punch3_Case166_ID_GSDM_999","PDAC5_102"
"PDAC5_s0_a103_ac_full.tiff","PDAC5_Sector1Row2Column2_Punch3_Case114_ID_GSDM_1288","PDAC5_103"
"PDAC5_s0_a104_ac_full.tiff","PDAC5_Sector4Row2Column7_Punch4_Case48_ID_1_73579","PDAC5_104"
"PDAC5_s0_a106_ac_full.tiff","PDAC5_Sector2Row2Column3_Punch3_Case147_ID_GSDM_2577","PDAC5_106"
"PDAC5_s0_a107_ac_full.tiff","PDAC5_Sector2Row2Column1_Punch3_Case145_ID_GSDM_2545","PDAC5_107"
"PDAC5_s0_a108_ac_full.tiff","PDAC5_Sector1Row3Column5_Punch3_Case125_ID_GSDM_1812","PDAC5_108"
"PDAC5_s0_a109_ac_full.tiff","PDAC5_Sector4Row3Column1_Punch4_Case50_ID_1_76997","PDAC5_109"
"PDAC5_s0_a110_ac_full.tiff","PDAC5_Sector3Row3Column4_Punch4_Case21_ID_1_4568","PDAC5_110"
"PDAC6_s0_a1_ac_full.tiff","PDAC6_Sector4Row2Column4_Punch4_Case155_ID_GSDM_567","PDAC6_1"
"PDAC6_s0_a2_ac_full.tiff","PDAC6_Sector3Row1Column1_Punch4_Case112_ID_GSDM_1117","PDAC6_2"
"PDAC6_s0_a3_ac_full.tiff","PDAC6_Sector3Row3Column3_Punch4_Case130_ID_GSDM_1952","PDAC6_3"
"PDAC6_s0_a4_ac_full.tiff","PDAC6_Sector1Row4Column8_Punch4_Case80_ID_G_21433","PDAC6_4"
"PDAC6_s0_a5_ac_full.tiff","PDAC6_Sector2Row3Column3_Punch4_Case99_ID_G_6653","PDAC6_5"
"PDAC6_s0_a6_ac_full.tiff","PDAC6_Sector1Row4Column5_Punch4_Case77_ID_G_14553","PDAC6_6"
"PDAC6_s0_a7_ac_full.tiff","PDAC6_Sector3Row4Column7_Punch4_Case142_ID_GSDM_2503","PDAC6_7"
"PDAC6_s0_a8_ac_full.tiff","PDAC6_Sector4Row1Column2_Punch4_Case145_ID_GSDM_2545","PDAC6_8"
"PDAC6_s0_a9_ac_full.tiff","PDAC6_Sector1Row3Column5_Punch4_Case69_ID_1_96460","PDAC6_9"
"PDAC6_s0_a10_ac_full.tiff","PDAC6_Sector4Row1Column8_Punch4_Case151_ID_GSDM_2703","PDAC6_10"
"PDAC6_s0_a11_ac_full.tiff","PDAC6_Sector2Row4Column8_Punch4_Case111_ID_GSDM_1098","PDAC6_11"
"PDAC6_s0_a12_ac_full.tiff","PDAC6_Sector3Row2Column2_Punch4_Case121_ID_GSDM_1604","PDAC6_12"
"PDAC6_s0_a13_ac_full.tiff","PDAC6_Sector4Row1Column6_Punch4_Case149_ID_GSDM_2663","PDAC6_13"
"PDAC6_s0_a14_ac_full.tiff","PDAC6_Sector4Row3Column3_Punch4_Case162_ID_GSDM_931","PDAC6_14"
"PDAC6_s0_a15_ac_full.tiff","PDAC6_Sector3Row3Column4_Punch4_Case131_ID_GSDM_1965","PDAC6_15"
"PDAC6_s0_a16_ac_full.tiff","PDAC6_Sector2Row4Column6_Punch4_Case109_ID_GSDM_1025","PDAC6_16"
"PDAC6_s0_a18_ac_full.tiff","PDAC6_Sector2Row4Column2_Punch4_Case105_ID_G_9208","PDAC6_18"
"PDAC6_s0_a19_ac_full.tiff","PDAC6_Sector2Row1Column5_Punch4_Case85_ID_G_25488","PDAC6_19"
"PDAC6_s0_a20_ac_full.tiff","PDAC6_Sector1Row3Column7_Punch4_Case71_ID_G_10196","PDAC6_20"
"PDAC6_s0_a21_ac_full.tiff","PDAC6_Sector1Row4Column2_Punch4_Case74_ID_G_11920","PDAC6_21"
"PDAC6_s0_a22_ac_full.tiff","PDAC6_Sector1Row4Column3_Punch4_Case75_ID_G_12907","PDAC6_22"
"PDAC6_s0_a23_ac_full.tiff","PDAC6_Sector1Row2Column4_Punch4_Case60_ID_1_92458","PDAC6_23"
"PDAC6_s0_a24_ac_full.tiff","PDAC6_Sector2Row2Column3_Punch4_Case91_ID_G_26810","PDAC6_24"
"PDAC6_s0_a25_ac_full.tiff","PDAC6_Sector2Row4Column7_Punch4_Case110_ID_GSDM_1035","PDAC6_25"
"PDAC6_s0_a26_ac_full.tiff","PDAC6_Sector2Row2Column6_Punch4_Case94_ID_G_31065","PDAC6_26"
"PDAC6_s0_a27_ac_full.tiff","PDAC6_Sector1Row3Column8_Punch4_Case72_ID_G_11291","PDAC6_27"
"PDAC6_s0_a28_ac_full.tiff","PDAC6_Sector3Row2Column6_Punch4_Case125_ID_GSDM_1812","PDAC6_28"
"PDAC6_s0_a29_ac_full.tiff","PDAC6_Sector1Row2Column5_Punch4_Case61_ID_1_92541","PDAC6_29"
"PDAC6_s0_a30_ac_full.tiff","PDAC6_Sector4Row3Column2_Punch4_Case161_ID_GSDM_930","PDAC6_30"
"PDAC6_s0_a31_ac_full.tiff","PDAC6_Sector2Row1Column2_Punch4_Case82_ID_G_23381","PDAC6_31"
"PDAC6_s0_a32_ac_full.tiff","PDAC6_Sector3Row1Column8_Punch4_Case119_ID_GSDM_1489","PDAC6_32"
"PDAC6_s0_a33_ac_full.tiff","PDAC6_Sector1Row4Column7_Punch4_Case79_ID_G_17185","PDAC6_33"
"PDAC6_s0_a35_ac_full.tiff","PDAC6_Sector4Row2Column5_Punch4_Case156_ID_GSDM_583","PDAC6_35"
"PDAC6_s0_a36_ac_full.tiff","PDAC6_Sector4Row2Column1_Punch4_Case152_ID_GSDM_283","PDAC6_36"
"PDAC6_s0_a37_ac_full.tiff","PDAC6_Sector2Row1Column1_Punch4_Case81_ID_G_22428","PDAC6_37"
"PDAC6_s0_a39_ac_full.tiff","PDAC6_Sector3Row4Column1_Punch4_Case136_ID_GSDM_2185","PDAC6_39"
"PDAC6_s0_a40_ac_full.tiff","PDAC6_Sector4Row3Column6_Punch4_Case165_ID_GSDM_992","PDAC6_40"
"PDAC6_s0_a42_ac_full.tiff","PDAC6_Sector3Row2Column4_Punch4_Case123_ID_GSDM_1747","PDAC6_42"
"PDAC6_s0_a43_ac_full.tiff","PDAC6_Sector2Row3Column8_Punch4_Case103_ID_G_8289","PDAC6_43"
"PDAC6_s0_a44_ac_full.tiff","PDAC6_Sector1Row4Column1_Punch4_Case73_ID_G_11310","PDAC6_44"
"PDAC6_s0_a45_ac_full.tiff","PDAC6_Sector4Row3Column4_Punch4_Case163_ID_GSDM_962","PDAC6_45"
"PDAC6_s0_a46_ac_full.tiff","PDAC6_Sector2Row1Column3_Punch4_Case83_ID_G_25407","PDAC6_46"
"PDAC6_s0_a47_ac_full.tiff","PDAC6_Sector1Row2Column7_Punch4_Case63_ID_1_93605","PDAC6_47"
"PDAC6_s0_a48_ac_full.tiff","PDAC6_Sector1Row2Column3_Punch4_Case59_ID_1_92145","PDAC6_48"
"PDAC6_s0_a50_ac_full.tiff","PDAC6_Sector2Row2Column1_Punch4_Case89_ID_G_26400","PDAC6_50"
"PDAC6_s0_a51_ac_full.tiff","PDAC6_Sector2Row4Column1_Punch4_Case104_ID_G_8978","PDAC6_51"
"PDAC6_s0_a53_ac_full.tiff","PDAC6_Sector2Row2Column2_Punch4_Case90_ID_G_26691","PDAC6_53"
"PDAC6_s0_a54_ac_full.tiff","PDAC6_Sector3Row1Column4_Punch4_Case115_ID_GSDM_1395","PDAC6_54"
"PDAC6_s0_a56_ac_full.tiff","PDAC6_Sector2Row2Column7_Punch4_Case95_ID_G_31568","PDAC6_56"
"PDAC6_s0_a57_ac_full.tiff","PDAC6_Sector3Row1Column7_Punch4_Case118_ID_GSDM_1486","PDAC6_57"
"PDAC6_s0_a58_ac_full.tiff","PDAC6_Sector2Row3Column6_Punch4_Case101_ID_G_7439","PDAC6_58"
"PDAC6_s0_a59_ac_full.tiff","PDAC6_Sector2Row2Column8_Punch4_Case96_ID_G_32052","PDAC6_59"
"PDAC6_s0_a60_ac_full.tiff","PDAC6_Sector1Row2Column2_Punch4_Case58_ID_1_91691","PDAC6_60"
"PDAC6_s0_a61_ac_full.tiff","PDAC6_Sector4Row1Column7_Punch4_Case150_ID_GSDM_2683","PDAC6_61"
"PDAC6_s0_a62_ac_full.tiff","PDAC6_Sector3Row3Column7_Punch4_Case134_ID_GSDM_2119","PDAC6_62"
"PDAC6_s0_a63_ac_full.tiff","PDAC6_Sector4Row2Column7_Punch4_Case158_ID_GSDM_850","PDAC6_63"
"PDAC6_s0_a64_ac_full.tiff","PDAC6_Sector2Row3Column4_Punch4_Case100_ID_G_6686","PDAC6_64"
"PDAC6_s0_a65_ac_full.tiff","PDAC6_Sector1Row4Column4_Punch4_Case76_ID_G_13634","PDAC6_65"
"PDAC6_s0_a66_ac_full.tiff","PDAC6_Sector3Row3Column2_Punch4_Case129_ID_GSDM_1949","PDAC6_66"
"PDAC6_s0_a67_ac_full.tiff","PDAC6_Sector2Row1Column6_Punch4_Case86_ID_G_25536","PDAC6_67"
"PDAC6_s0_a68_ac_full.tiff","PDAC6_Sector1Row3Column3_Punch4_Case67_ID_1_96213","PDAC6_68"
"PDAC6_s0_a70_ac_full.tiff","PDAC6_Sector3Row2Column8_Punch4_Case127_ID_GSDM_1885","PDAC6_70"
"PDAC6_s0_a71_ac_full.tiff","PDAC6_Sector3Row2Column5_Punch4_Case124_ID_GSDM_1774","PDAC6_71"
"PDAC6_s0_a72_ac_full.tiff","PDAC6_Sector3Row4Column5_Punch4_Case140_ID_GSDM_2417","PDAC6_72"
"PDAC6_s0_a73_ac_full.tiff","PDAC6_Sector1Row3Column1_Punch4_Case65_ID_1_94889","PDAC6_73"
"PDAC6_s0_a74_ac_full.tiff","PDAC6_Sector3Row4Column6_Punch4_Case141_ID_GSDM_2487","PDAC6_74"
"PDAC6_s0_a76_ac_full.tiff","PDAC6_Sector1Row3Column4_Punch4_Case68_ID_1_96217","PDAC6_76"
"PDAC6_s0_a77_ac_full.tiff","PDAC6_Sector3Row3Column8_Punch4_Case135_ID_GSDM_2152","PDAC6_77"
"PDAC6_s0_a78_ac_full.tiff","PDAC6_Sector3Row4Column3_Punch4_Case138_ID_GSDM_2310","PDAC6_78"
"PDAC6_s0_a79_ac_full.tiff","PDAC6_Sector2Row1Column7_Punch4_Case87_ID_G_25852","PDAC6_79"
"PDAC6_s0_a80_ac_full.tiff","PDAC6_Sector2Row3Column7_Punch4_Case102_ID_G_8288","PDAC6_80"
"PDAC6_s0_a81_ac_full.tiff","PDAC6_Sector3Row2Column3_Punch4_Case122_ID_GSDM_1619","PDAC6_81"
"PDAC6_s0_a82_ac_full.tiff","PDAC6_Sector4Row1Column5_Punch4_Case148_ID_GSDM_2586","PDAC6_82"
"PDAC6_s0_a84_ac_full.tiff","PDAC6_Sector4Row3Column7_Punch4_Case166_ID_GSDM_999","PDAC6_84"
"PDAC6_s0_a85_ac_full.tiff","PDAC6_Sector4Row1Column4_Punch4_Case147_ID_GSDM_2577","PDAC6_85"
"PDAC6_s0_a86_ac_full.tiff","PDAC6_Sector2Row3Column1_Punch4_Case97_ID_G_32657","PDAC6_86"
"PDAC6_s0_a87_ac_full.tiff","PDAC6_Sector4Row2Column3_Punch4_Case154_ID_GSDM_555","PDAC6_87"
"PDAC6_s0_a88_ac_full.tiff","PDAC6_Sector4Row3Column1_Punch4_Case160_ID_GSDM_920","PDAC6_88"
"PDAC6_s0_a89_ac_full.tiff","PDAC6_Sector4Row1Column1_Punch4_Case144_ID_GSDM_2518","PDAC6_89"
"PDAC6_s0_a91_ac_full.tiff","PDAC6_Sector2Row2Column4_Punch4_Case92_ID_G_30057","PDAC6_91"
"PDAC6_s0_a92_ac_full.tiff","PDAC6_Sector2Row1Column8_Punch4_Case88_ID_G_26345","PDAC6_92"
"PDAC6_s0_a93_ac_full.tiff","PDAC6_Sector1Row2Column6_Punch4_Case62_ID_1_93395","PDAC6_93"
"PDAC6_s0_a94_ac_full.tiff","PDAC6_Sector4Row2Column8_Punch4_Case159_ID_GSDM_862","PDAC6_94"
"PDAC6_s0_a95_ac_full.tiff","PDAC6_Sector2Row4Column3_Punch4_Case106_ID_G_9725","PDAC6_95"
"PDAC6_s0_a96_ac_full.tiff","PDAC6_Sector4Row2Column6_Punch4_Case157_ID_GSDM_606","PDAC6_96"
"PDAC6_s0_a97_ac_full.tiff","PDAC6_Sector3Row1Column3_Punch4_Case114_ID_GSDM_1288","PDAC6_97"
"PDAC6_s0_a98_ac_full.tiff","PDAC6_Sector1Row3Column6_Punch4_Case70_ID_1_99593","PDAC6_98"
"PDAC6_s0_a100_ac_full.tiff","PDAC6_Sector2Row1Column4_Punch4_Case84_ID_G_25487","PDAC6_100"
"PDAC6_s0_a101_ac_full.tiff","PDAC6_Sector3Row4Column4_Punch4_Case139_ID_GSDM_2333","PDAC6_101"
"PDAC6_s0_a102_ac_full.tiff","PDAC6_Sector4Row1Column3_Punch4_Case146_ID_GSDM_2546","PDAC6_102"
"PDAC6_s0_a103_ac_full.tiff","PDAC6_Sector4Row2Column2_Punch4_Case153_ID_GSDM_347","PDAC6_103"
"PDAC6_s0_a104_ac_full.tiff","PDAC6_Sector1Row2Column1_Punch4_Case57_ID_1_91050","PDAC6_104"
"PDAC6_s0_a105_ac_full.tiff","PDAC6_Sector3Row1Column2_Punch4_Case113_ID_GSDM_1265","PDAC6_105"
"PDAC6_s0_a106_ac_full.tiff","PDAC6_Sector2Row3Column2_Punch4_Case98_ID_G_41574","PDAC6_106"
"PDAC6_s0_a107_ac_full.tiff","PDAC6_Sector1Row2Column8_Punch4_Case64_ID_1_93724","PDAC6_107"
"PDAC6_s0_a108_ac_full.tiff","PDAC6_Sector3Row4Column2_Punch4_Case137_ID_GSDM_2221","PDAC6_108"
"PDAC6_s0_a110_ac_full.tiff","PDAC6_Sector2Row2Column5_Punch4_Case93_ID_G_30952","PDAC6_110"
"PDAC6_s0_a114_ac_full.tiff","PDAC6_Sector3Row3Column5_Punch4_Case132_ID_GSDM_2053","PDAC6_114"
"PDAC6_s0_a119_ac_full.tiff","PDAC6_Sector1Row3Column8_Punch4_Case72_ID_G_11291_split","PDAC6_119"
"PDAC3_s0_a1_ac_full.tiff","PDAC3_Sector2Row1Column7_Punch2_Case86_ID_G_25536","PDAC3_1"
"PDAC3_s0_a2_ac_full.tiff","PDAC3_Sector1Row4Column6_Punch2_Case77_ID_G_14553","PDAC3_2"
"PDAC3_s0_a3_ac_full.tiff","PDAC3_Sector3Row1Column5_Punch2_Case115_ID_GSDM_1395","PDAC3_3"
"PDAC3_s0_a4_ac_full.tiff","PDAC3_Sector2Row2Column7_Punch2_Case94_ID_G_31065","PDAC3_4"
"PDAC3_s0_a5_ac_full.tiff","PDAC3_Sector2Row4Column4_Punch2_Case106_ID_G_9725","PDAC3_5"
"PDAC3_s0_a6_ac_full.tiff","PDAC3_Sector2Row4Column8_Punch2_Case110_ID_GSDM_1035","PDAC3_6"
"PDAC3_s0_a7_ac_full.tiff","PDAC3_Sector3Row3Column2_Punch2_Case128_ID_GSDM_1894","PDAC3_7"
"PDAC3_s0_a8_ac_full.tiff","PDAC3_Sector3Row3Column7_Punch2_Case133_ID_GSDM_2116","PDAC3_8"
"PDAC3_s0_a9_ac_full.tiff","PDAC3_Sector2Row4Column2_Punch2_Case104_ID_G_8978","PDAC3_9"
"PDAC3_s0_a10_ac_full.tiff","PDAC3_Sector1Row4Column4_Punch2_Case75_ID_G_12907","PDAC3_10"
"PDAC3_s0_a11_ac_full.tiff","PDAC3_Sector4Row3Column7_Punch2_Case165_ID_GSDM_992","PDAC3_11"
"PDAC3_s0_a12_ac_full.tiff","PDAC3_Sector4Row1Column6_Punch2_Case148_ID_GSDM_2586","PDAC3_12"
"PDAC3_s0_a13_ac_full.tiff","PDAC3_Sector2Row3Column1_Punch2_Case96_ID_G_32052","PDAC3_13"
"PDAC3_s0_a15_ac_full.tiff","PDAC3_Sector3Row3Column6_Punch2_Case132_ID_GSDM_2053","PDAC3_15"
"PDAC3_s0_a16_ac_full.tiff","PDAC3_Sector3Row2Column2_Punch2_Case120_ID_GSDM_1587","PDAC3_16"
"PDAC3_s0_a17_ac_full.tiff","PDAC3_Sector1Row3Column7_Punch2_Case70_ID_1_99593","PDAC3_17"
"PDAC3_s0_a18_ac_full.tiff","PDAC3_Sector3Row4Column7_Punch2_Case141_ID_GSDM_2487","PDAC3_18"
"PDAC3_s0_a19_ac_full.tiff","PDAC3_Sector2Row4Column7_Punch2_Case109_ID_GSDM_1025","PDAC3_19"
"PDAC3_s0_a20_ac_full.tiff","PDAC3_Sector4Row1Column1_Punch2_Case143_ID_GSDM_2506","PDAC3_20"
"PDAC3_s0_a21_ac_full.tiff","PDAC3_Sector3Row4Column3_Punch2_Case137_ID_GSDM_2221","PDAC3_21"
"PDAC3_s0_a22_ac_full.tiff","PDAC3_Sector1Row2Column4_Punch2_Case58_ID_1_91691","PDAC3_22"
"PDAC3_s0_a23_ac_full.tiff","PDAC3_Sector1Row2Column5_Punch2_Case59_ID_1_92145","PDAC3_23"
"PDAC3_s0_a24_ac_full.tiff","PDAC3_Sector3Row1Column3_Punch2_Case113_ID_GSDM_1265","PDAC3_24"
"PDAC3_s0_a25_ac_full.tiff","PDAC3_Sector3Row3Column5_Punch2_Case131_ID_GSDM_1965","PDAC3_25"
"PDAC3_s0_a26_ac_full.tiff","PDAC3_Sector3Row2Column7_Punch2_Case125_ID_GSDM_1812","PDAC3_26"
"PDAC3_s0_a27_ac_full.tiff","PDAC3_Sector2Row2Column6_Punch2_Case93_ID_G_30952","PDAC3_27"
"PDAC3_s0_a28_ac_full.tiff","PDAC3_Sector3Row2Column4_Punch2_Case122_ID_GSDM_1619","PDAC3_28"
"PDAC3_s0_a29_ac_full.tiff","PDAC3_Sector3Row1Column2_Punch2_Case112_ID_GSDM_1117","PDAC3_29"
"PDAC3_s0_a30_ac_full.tiff","PDAC3_Sector2Row1Column6_Punch2_Case85_ID_G_25488","PDAC3_30"
"PDAC3_s0_a31_ac_full.tiff","PDAC3_Sector3Row4Column8_Punch2_Case142_ID_GSDM_2503","PDAC3_31"
"PDAC3_s0_a32_ac_full.tiff","PDAC3_Sector1Row4Column2_Punch2_Case73_ID_G_11310","PDAC3_32"
"PDAC3_s0_a34_ac_full.tiff","PDAC3_Sector2Row3Column7_Punch2_Case101_ID_G_7439","PDAC3_34"
"PDAC3_s0_a35_ac_full.tiff","PDAC3_Sector1Row3Column1_Punch2_Case64_ID_1_93724","PDAC3_35"
"PDAC3_s0_a36_ac_full.tiff","PDAC3_Sector2Row1Column5_Punch2_Case84_ID_G_25487","PDAC3_36"
"PDAC3_s0_a37_ac_full.tiff","PDAC3_Sector4Row3Column5_Punch2_Case163_ID_GSDM_962","PDAC3_37"
"PDAC3_s0_a38_ac_full.tiff","PDAC3_Sector4Row3Column8_Punch2_Case166_ID_GSDM_999","PDAC3_38"
"PDAC3_s0_a39_ac_full.tiff","PDAC3_Sector4Row2Column3_Punch2_Case153_ID_GSDM_347","PDAC3_39"
"PDAC3_s0_a40_ac_full.tiff","PDAC3_Sector4Row3Column4_Punch2_Case162_ID_GSDM_931","PDAC3_40"
"PDAC3_s0_a41_ac_full.tiff","PDAC3_Sector4Row2Column2_Punch2_Case152_ID_GSDM_283","PDAC3_41"
"PDAC3_s0_a42_ac_full.tiff","PDAC3_Sector1Row3Column5_Punch2_Case68_ID_1_96217","PDAC3_42"
"PDAC3_s0_a43_ac_full.tiff","PDAC3_Sector3Row2Column8_Punch2_Case126_ID_GSDM_1844","PDAC3_43"
"PDAC3_s0_a44_ac_full.tiff","PDAC3_Sector3Row1Column7_Punch2_Case117_ID_GSDM_1470","PDAC3_44"
"PDAC3_s0_a45_ac_full.tiff","PDAC3_Sector2Row4Column3_Punch2_Case105_ID_G_9208","PDAC3_45"
"PDAC3_s0_a46_ac_full.tiff","PDAC3_Sector2Row3Column8_Punch2_Case102_ID_G_8288","PDAC3_46"
"PDAC3_s0_a47_ac_full.tiff","PDAC3_Sector4Row1Column4_Punch2_Case146_ID_GSDM_2546","PDAC3_47"
"PDAC3_s0_a48_ac_full.tiff","PDAC3_Sector3Row3Column1_Punch2_Case127_ID_GSDM_1885","PDAC3_48"
"PDAC3_s0_a49_ac_full.tiff","PDAC3_Sector2Row1Column4_Punch2_Case83_ID_G_25407","PDAC3_49"
"PDAC3_s0_a50_ac_full.tiff","PDAC3_Sector2Row2Column8_Punch2_Case95_ID_G_31568","PDAC3_50"
"PDAC3_s0_a51_ac_full.tiff","PDAC3_Sector4Row1Column5_Punch2_Case147_ID_GSDM_2577","PDAC3_51"
"PDAC3_s0_a52_ac_full.tiff","PDAC3_Sector1Row2Column6_Punch2_Case61_ID_1_92541","PDAC3_52"
"PDAC3_s0_a53_ac_full.tiff","PDAC3_Sector1Row4Column3_Punch2_Case74_ID_G_11920","PDAC3_53"
"PDAC3_s0_a54_ac_full.tiff","PDAC3_Sector1Row3Column4_Punch2_Case67_ID_1_96213","PDAC3_54"
"PDAC3_s0_a55_ac_full.tiff","PDAC3_Sector1Row2Column7_Punch2_Case62_ID_1_93395","PDAC3_55"
"PDAC3_s0_a56_ac_full.tiff","PDAC3_Sector3Row2Column3_Punch2_Case121_ID_GSDM_1604","PDAC3_56"
"PDAC3_s0_a57_ac_full.tiff","PDAC3_Sector2Row2Column3_Punch2_Case90_ID_G_26691","PDAC3_57"
"PDAC3_s0_a59_ac_full.tiff","PDAC3_Sector4Row3Column6_Punch2_Case164_ID_GSDM_969","PDAC3_59"
"PDAC3_s0_a60_ac_full.tiff","PDAC3_Sector4Row1Column3_Punch2_Case145_ID_GSDM_2545","PDAC3_60"
"PDAC3_s0_a61_ac_full.tiff","PDAC3_Sector3Row1Column8_Punch2_Case118_ID_GSDM_1486","PDAC3_61"
"PDAC3_s0_a62_ac_full.tiff","PDAC3_Sector4Row1Column8_Punch2_Case150_ID_GSDM_2683","PDAC3_62"
"PDAC3_s0_a63_ac_full.tiff","PDAC3_Sector4Row1Column7_Punch2_Case149_ID_GSDM_2663","PDAC3_63"
"PDAC3_s0_a64_ac_full.tiff","PDAC3_Sector1Row4Column5_Punch2_Case76_ID_G_13634","PDAC3_64"
"PDAC3_s0_a65_ac_full.tiff","PDAC3_Sector2Row4Column6_Punch2_Case108_ID_GSDM_1018","PDAC3_65"
"PDAC3_s0_a66_ac_full.tiff","PDAC3_Sector2Row1Column2_Punch2_Case81_ID_G_22428","PDAC3_66"
"PDAC3_s0_a67_ac_full.tiff","PDAC3_Sector1Row2Column8_Punch2_Case63_ID_1_93605","PDAC3_67"
"PDAC3_s0_a68_ac_full.tiff","PDAC3_Sector3Row1Column1_Punch2_Case111_ID_GSDM_1098","PDAC3_68"
"PDAC3_s0_a69_ac_full.tiff","PDAC3_Sector1Row2Column3_Punch2_Case60_ID_1_92458","PDAC3_69"
"PDAC3_s0_a70_ac_full.tiff","PDAC3_Sector1Row3Column6_Punch2_Case69_ID_1_96460","PDAC3_70"
"PDAC3_s0_a71_ac_full.tiff","PDAC3_Sector4Row2Column5_Punch2_Case155_ID_GSDM_567","PDAC3_71"
"PDAC3_s0_a72_ac_full.tiff","PDAC3_Sector4Row3Column1_Punch2_Case159_ID_GSDM_862","PDAC3_72"
"PDAC3_s0_a73_ac_full.tiff","PDAC3_Sector1Row4Column1_Punch2_Case72_ID_G_11291","PDAC3_73"
"PDAC3_s0_a74_ac_full.tiff","PDAC3_Sector3Row3Column4_Punch2_Case130_ID_GSDM_1952","PDAC3_74"
"PDAC3_s0_a75_ac_full.tiff","PDAC3_Sector2Row1Column1_Punch2_Case80_ID_G_21433","PDAC3_75"
"PDAC3_s0_a76_ac_full.tiff","PDAC3_Sector4Row2Column7_Punch2_Case157_ID_GSDM_606","PDAC3_76"
"PDAC3_s0_a77_ac_full.tiff","PDAC3_Sector1Row2Column2_Punch2_Case57_ID_1_91050","PDAC3_77"
"PDAC3_s0_a78_ac_full.tiff","PDAC3_Sector1Row3Column8_Punch2_Case71_ID_G_10196","PDAC3_78"
"PDAC3_s0_a79_ac_full.tiff","PDAC3_Sector2Row3Column2_Punch2_Case97_ID_G_32657","PDAC3_79"
"PDAC3_s0_a80_ac_full.tiff","PDAC3_Sector3Row4Column1_Punch2_Case135_ID_GSDM_2152","PDAC3_80"
"PDAC3_s0_a81_ac_full.tiff","PDAC3_Sector2Row3Column3_Punch2_Case98_ID_G_41574","PDAC3_81"
"PDAC3_s0_a82_ac_full.tiff","PDAC3_Sector3Row2Column1_Punch2_Case119_ID_GSDM_1489","PDAC3_82"
"PDAC3_s0_a83_ac_full.tiff","PDAC3_Sector4Row2Column6_Punch2_Case156_ID_GSDM_583","PDAC3_83"
"PDAC3_s0_a84_ac_full.tiff","PDAC3_Sector2Row2Column4_Punch2_Case91_ID_G_26810","PDAC3_84"
"PDAC3_s0_a85_ac_full.tiff","PDAC3_Sector1Row3Column2_Punch2_Case65_ID_1_94889","PDAC3_85"
"PDAC3_s0_a86_ac_full.tiff","PDAC3_Sector2Row2Column5_Punch2_Case92_ID_G_30057","PDAC3_86"
"PDAC3_s0_a87_ac_full.tiff","PDAC3_Sector4Row2Column4_Punch2_Case154_ID_GSDM_555","PDAC3_87"
"PDAC3_s0_a89_ac_full.tiff","PDAC3_Sector2Row3Column5_Punch2_Case100_ID_G_6686","PDAC3_89"
"PDAC3_s0_a90_ac_full.tiff","PDAC3_Sector4Row1Column2_Punch2_Case144_ID_GSDM_2518","PDAC3_90"
"PDAC3_s0_a91_ac_full.tiff","PDAC3_Sector1Row4Column8_Punch2_Case79_ID_G_17185","PDAC3_91"
"PDAC3_s0_a92_ac_full.tiff","PDAC3_Sector3Row4Column4_Punch2_Case138_ID_GSDM_2310","PDAC3_92"
"PDAC3_s0_a93_ac_full.tiff","PDAC3_Sector3Row2Column5_Punch2_Case123_ID_GSDM_1747","PDAC3_93"
"PDAC3_s0_a94_ac_full.tiff","PDAC3_Sector2Row1Column8_Punch2_Case87_ID_G_25852","PDAC3_94"
"PDAC3_s0_a95_ac_full.tiff","PDAC3_Sector3Row2Column6_Punch2_Case124_ID_GSDM_1774","PDAC3_95"
"PDAC3_s0_a96_ac_full.tiff","PDAC3_Sector4Row3Column2_Punch2_Case160_ID_GSDM_920","PDAC3_96"
"PDAC3_s0_a97_ac_full.tiff","PDAC3_Sector2Row2Column1_Punch2_Case88_ID_G_26345","PDAC3_97"
"PDAC3_s0_a98_ac_full.tiff","PDAC3_Sector3Row3Column8_Punch2_Case134_ID_GSDM_2119","PDAC3_98"
"PDAC3_s0_a99_ac_full.tiff","PDAC3_Sector2Row2Column2_Punch2_Case89_ID_G_26400","PDAC3_99"
"PDAC3_s0_a100_ac_full.tiff","PDAC3_Sector1Row2Column1_Punch2_Case56_ID_1_90015","PDAC3_100"
"PDAC3_s0_a101_ac_full.tiff","PDAC3_Sector3Row4Column5_Punch2_Case139_ID_GSDM_2333","PDAC3_101"
"PDAC3_s0_a102_ac_full.tiff","PDAC3_Sector2Row3Column4_Punch2_Case99_ID_G_6653","PDAC3_102"
"PDAC3_s0_a103_ac_full.tiff","PDAC3_Sector2Row4Column5_Punch2_Case107_ID_GSDM_1001","PDAC3_103"
"PDAC3_s0_a104_ac_full.tiff","PDAC3_Sector3Row3Column3_Punch2_Case129_ID_GSDM_1949","PDAC3_104"
"PDAC3_s0_a105_ac_full.tiff","PDAC3_Sector3Row1Column4_Punch2_Case114_ID_GSDM_1288","PDAC3_105"
"PDAC3_s0_a106_ac_full.tiff","PDAC3_Sector4Row2Column1_Punch2_Case151_ID_GSDM_2703","PDAC3_106"
"PDAC3_s0_a107_ac_full.tiff","PDAC3_Sector4Row2Column8_Punch2_Case158_ID_GSDM_850","PDAC3_107"
"PDAC3_s0_a108_ac_full.tiff","PDAC3_Sector4Row3Column3_Punch2_Case161_ID_GSDM_930","PDAC3_108"
"PDAC3_s0_a109_ac_full.tiff","PDAC3_Sector1Row4Column7_Punch2_Case78_ID_G_14742","PDAC3_109"
"PDAC3_s0_a110_ac_full.tiff","PDAC3_Sector3Row4Column6_Punch2_Case140_ID_GSDM_2417","PDAC3_110"
"PDAC3_s0_a111_ac_full.tiff","PDAC3_Sector3Row4Column2_Punch2_Case136_ID_GSDM_2185","PDAC3_111"
"PDAC4_s0_a1_ac_full.tiff","PDAC4_Sector2Row4Column4_Punch3_Case53_ID_1_85810","PDAC4_1"
"PDAC4_s0_a2_ac_full.tiff","PDAC4_Sector2Row1Column8_Punch3_Case34_ID_1_67299","PDAC4_2"
"PDAC4_s0_a3_ac_full.tiff","PDAC4_Sector4Row2Column7_Punch3_Case103_ID_G_8289","PDAC4_3"
"PDAC4_s0_a4_ac_full.tiff","PDAC4_Sector2Row4Column8_Punch3_Case57_ID_1_91050","PDAC4_4"
"PDAC4_s0_a5_ac_full.tiff","PDAC4_Sector3Row2Column6_Punch3_Case71_ID_G_10196","PDAC4_5"
"PDAC4_s0_a6_ac_full.tiff","PDAC4_Sector1Row2Column5_Punch3_Case7_ID_1_109753","PDAC4_6"
"PDAC4_s0_a7_ac_full.tiff","PDAC4_Sector4Row2Column3_Punch3_Case100_ID_G_6686","PDAC4_7"
"PDAC4_s0_a8_ac_full.tiff","PDAC4_Sector3Row3Column4_Punch3_Case77_ID_G_14553","PDAC4_8"
"PDAC4_s0_a9_ac_full.tiff","PDAC4_Sector3Row2Column4_Punch3_Case70_ID_1_99593","PDAC4_9"
"PDAC4_s0_a10_ac_full.tiff","PDAC4_Sector3Row3Column1_Punch3_Case74_ID_G_11920","PDAC4_10"
"PDAC4_s0_a11_ac_full.tiff","PDAC4_Sector1Row2Column4_Punch3_Case6_ID_1_106476","PDAC4_11"
"PDAC4_s0_a12_ac_full.tiff","PDAC4_Sector3Row3Column2_Punch3_Case75_ID_G_12907","PDAC4_12"
"PDAC4_s0_a13_ac_full.tiff","PDAC4_Sector1Row1Column8_Punch3_Case2_ID_1_100217","PDAC4_13"
"PDAC4_s0_a14_ac_full.tiff","PDAC4_Sector1Row2Column6_Punch3_Case8_ID_1_112577","PDAC4_14"
"PDAC4_s0_a15_ac_full.tiff","PDAC4_Sector2Row1Column7_Punch3_Case33_ID_1_67113","PDAC4_15"
"PDAC4_s0_a16_ac_full.tiff","PDAC4_Sector2Row3Column1_Punch3_Case43_ID_1_70640","PDAC4_16"
"PDAC4_s0_a17_ac_full.tiff","PDAC4_Sector1Row3Column8_Punch3_Case18_ID_1_44422","PDAC4_17"
"PDAC4_s0_a18_ac_full.tiff","PDAC4_Sector3Row3Column6_Punch3_Case79_ID_G_17185","PDAC4_18"
"PDAC4_s0_a19_ac_full.tiff","PDAC4_Sector3Row4Column7_Punch3_Case88_ID_G_26345","PDAC4_19"
"PDAC4_s0_a20_ac_full.tiff","PDAC4_Sector3Row1Column4_Punch3_Case61_ID_1_92541","PDAC4_20"
"PDAC4_s0_a21_ac_full.tiff","PDAC4_Sector3Row1Column1_Punch3_Case58_ID_1_91691","PDAC4_21"
"PDAC4_s0_a22_ac_full.tiff","PDAC4_Sector1Row2Column3_Punch3_Case5_ID_1_104192","PDAC4_22"
"PDAC4_s0_a23_ac_full.tiff","PDAC4_Sector4Row3Column1_Punch3_Case105_ID_G_9208","PDAC4_23"
"PDAC4_s0_a24_ac_full.tiff","PDAC4_Sector3Row3Column3_Punch3_Case76_ID_G_13634","PDAC4_24"
"PDAC4_s0_a25_ac_full.tiff","PDAC4_Sector3Row4Column1_Punch3_Case82_ID_G_23381","PDAC4_25"
"PDAC4_s0_a26_ac_full.tiff","PDAC4_Sector2Row1Column6_Punch3_Case32_ID_1_66124","PDAC4_26"
"PDAC4_s0_a27_ac_full.tiff","PDAC4_Sector4Row3Column6_Punch3_Case110_ID_GSDM_1035","PDAC4_27"
"PDAC4_s0_a28_ac_full.tiff","PDAC4_Sector1Row4Column1_Punch3_Case19_ID_1_45196","PDAC4_28"
"PDAC4_s0_a29_ac_full.tiff","PDAC4_Sector1Row3Column3_Punch3_Case13_ID_1_40185","PDAC4_29"
"PDAC4_s0_a30_ac_full.tiff","PDAC4_Sector3Row3Column5_Punch3_Case78_ID_G_14742","PDAC4_30"
"PDAC4_s0_a31_ac_full.tiff","PDAC4_Sector4Row1Column5_Punch3_Case94_ID_G_31065","PDAC4_31"
"PDAC4_s0_a32_ac_full.tiff","PDAC4_Sector4Row3Column3_Punch3_Case107_ID_GSDM_1001","PDAC4_32"
"PDAC4_s0_a33_ac_full.tiff","PDAC4_Sector1Row3Column7_Punch3_Case17_ID_1_43125","PDAC4_33"
"PDAC4_s0_a34_ac_full.tiff","PDAC4_Sector3Row3Column7_Punch3_Case80_ID_G_21433","PDAC4_34"
"PDAC4_s0_a35_ac_full.tiff","PDAC4_Sector1Row4Column5_Punch3_Case23_ID_1_4752","PDAC4_35"
"PDAC4_s0_a36_ac_full.tiff","PDAC4_Sector3Row4Column3_Punch3_Case84_ID_G_25487","PDAC4_36"
"PDAC4_s0_a37_ac_full.tiff","PDAC4_Sector4Row1Column3_Punch3_Case92_ID_G_30057","PDAC4_37"
"PDAC4_s0_a38_ac_full.tiff","PDAC4_Sector3Row2Column8_Punch3_Case73_ID_G_11310","PDAC4_38"
"PDAC4_s0_a39_ac_full.tiff","PDAC4_Sector1Row3Column5_Punch3_Case15_ID_1_41902","PDAC4_39"
"PDAC4_s0_a40_ac_full.tiff","PDAC4_Sector1Row3Column4_Punch3_Case14_ID_1_4045","PDAC4_40"
"PDAC4_s0_a41_ac_full.tiff","PDAC4_Sector4Row2Column5_Punch3_Case101_ID_G_7439","PDAC4_41"
"PDAC4_s0_a42_ac_full.tiff","PDAC4_Sector3Row2Column1_Punch3_Case67_ID_1_96213","PDAC4_42"
"PDAC4_s0_a43_ac_full.tiff","PDAC4_Sector2Row4Column2_Punch3_Case51_ID_1_85268","PDAC4_43"
"PDAC4_s0_a44_ac_full.tiff","PDAC4_Sector4Row3Column7_Punch3_Case111_ID_GSDM_1098","PDAC4_44"
"PDAC4_s0_a45_ac_full.tiff","PDAC4_Sector2Row1Column4_Punch3_Case30_ID_1_56588","PDAC4_45"
"PDAC4_s0_a46_ac_full.tiff","PDAC4_Sector2Row3Column8_Punch3_Case50_ID_1_76997","PDAC4_46"
"PDAC4_s0_a47_ac_full.tiff","PDAC4_Sector4Row1Column8_Punch3_Case97_ID_G_32657","PDAC4_47"
"PDAC4_s0_a48_ac_full.tiff","PDAC4_Sector2Row1Column3_Punch3_Case29_ID_1_54342","PDAC4_48"
"PDAC4_s0_a49_ac_full.tiff","PDAC4_Sector2Row2Column5_Punch3_Case39_ID_1_69943","PDAC4_49"
"PDAC4_s0_a50_ac_full.tiff","PDAC4_Sector3Row4Column8_Punch3_Case89_ID_G_26400","PDAC4_50"
"PDAC4_s0_a53_ac_full.tiff","PDAC4_Sector3Row2Column7_Punch3_Case72_ID_G_11291","PDAC4_53"
"PDAC4_s0_a54_ac_full.tiff","PDAC4_Sector4Row1Column7_Punch3_Case96_ID_G_32052","PDAC4_54"
"PDAC4_s0_a55_ac_full.tiff","PDAC4_Sector2Row2Column2_Punch3_Case36_ID_1_69515","PDAC4_55"
"PDAC4_s0_a56_ac_full.tiff","PDAC4_Sector1Row2Column8_Punch3_Case10_ID_1_35154","PDAC4_56"
"PDAC4_s0_a57_ac_full.tiff","PDAC4_Sector3Row1Column7_Punch3_Case64_ID_1_93724","PDAC4_57"
"PDAC4_s0_a58_ac_full.tiff","PDAC4_Sector1Row3Column2_Punch3_Case12_ID_1_3924","PDAC4_58"
"PDAC4_s0_a59_ac_full.tiff","PDAC4_Sector2Row2Column3_Punch3_Case37_ID_1_69553","PDAC4_59"
"PDAC4_s0_a60_ac_full.tiff","PDAC4_Sector3Row1Column6_Punch3_Case63_ID_1_93605","PDAC4_60"
"PDAC4_s0_a61_ac_full.tiff","PDAC4_Sector4Row1Column4_Punch3_Case93_ID_G_30952","PDAC4_61"
"PDAC4_s0_a62_ac_full.tiff","PDAC4_Sector4Row1Column6_Punch3_Case95_ID_G_31568","PDAC4_62"
"PDAC4_s0_a63_ac_full.tiff","PDAC4_Sector1Row4Column3_Punch3_Case21_ID_1_4568","PDAC4_63"
"PDAC4_s0_a64_ac_full.tiff","PDAC4_Sector2Row1Column5_Punch3_Case31_ID_1_57450","PDAC4_64"
"PDAC4_s0_a65_ac_full.tiff","PDAC4_Sector3Row1Column3_Punch3_Case60_ID_1_92458","PDAC4_65"
"PDAC4_s0_a66_ac_full.tiff","PDAC4_Sector1Row1Column7_Punch3_Case1_ID_1_100070","PDAC4_66"
"PDAC4_s0_a67_ac_full.tiff","PDAC4_Sector3Row4Column2_Punch3_Case83_ID_G_25407","PDAC4_67"
"PDAC4_s0_a68_ac_full.tiff","PDAC4_Sector1Row2Column1_Punch3_Case3_ID_1_103356","PDAC4_68"
"PDAC4_s0_a69_ac_full.tiff","PDAC4_Sector4Row2Column6_Punch3_Case102_ID_G_8288","PDAC4_69"
"PDAC4_s0_a70_ac_full.tiff","PDAC4_Sector4Row3Column5_Punch3_Case109_ID_GSDM_1025","PDAC4_70"
"PDAC4_s0_a71_ac_full.tiff","PDAC4_Sector1Row4Column7_Punch3_Case25_ID_1_48194","PDAC4_71"
"PDAC4_s0_a72_ac_full.tiff","PDAC4_Sector4Row2Column2_Punch3_Case99_ID_G_6653","PDAC4_72"
"PDAC4_s0_a73_ac_full.tiff","PDAC4_Sector2Row4Column6_Punch3_Case55_ID_1_89880","PDAC4_73"
"PDAC4_s0_a74_ac_full.tiff","PDAC4_Sector3Row4Column6_Punch3_Case87_ID_G_25852","PDAC4_74"
"PDAC4_s0_a75_ac_full.tiff","PDAC4_Sector3Row3Column8_Punch3_Case81_ID_G_22428","PDAC4_75"
"PDAC4_s0_a76_ac_full.tiff","PDAC4_Sector2Row2Column4_Punch3_Case38_ID_1_69785","PDAC4_76"
"PDAC4_s0_a77_ac_full.tiff","PDAC4_Sector3Row2Column3_Punch3_Case69_ID_1_96460","PDAC4_77"
"PDAC4_s0_a78_ac_full.tiff","PDAC4_Sector2Row2Column8_Punch3_Case42_ID_1_70477","PDAC4_78"
"PDAC4_s0_a79_ac_full.tiff","PDAC4_Sector4Row2Column8_Punch3_Case104_ID_G_8978","PDAC4_79"
"PDAC4_s0_a80_ac_full.tiff","PDAC4_Sector3Row4Column5_Punch3_Case86_ID_G_25536","PDAC4_80"
"PDAC4_s0_a81_ac_full.tiff","PDAC4_Sector2Row4Column7_Punch3_Case56_ID_1_90015","PDAC4_81"
"PDAC4_s0_a82_ac_full.tiff","PDAC4_Sector2Row4Column5_Punch3_Case54_ID_1_87248","PDAC4_82"
"PDAC4_s0_a83_ac_full.tiff","PDAC4_Sector2Row3Column6_Punch3_Case48_ID_1_73579","PDAC4_83"
"PDAC4_s0_a84_ac_full.tiff","PDAC4_Sector1Row4Column2_Punch3_Case20_ID_1_4567","PDAC4_84"
"PDAC4_s0_a85_ac_full.tiff","PDAC4_Sector1Row2Column7_Punch3_Case9_ID_1_3430","PDAC4_85"
"PDAC4_s0_a86_ac_full.tiff","PDAC4_Sector4Row3Column8_Punch3_Case112_ID_GSDM_1117","PDAC4_86"
"PDAC4_s0_a87_ac_full.tiff","PDAC4_Sector2Row3Column2_Punch3_Case44_ID_1_70971","PDAC4_87"
"PDAC4_s0_a88_ac_full.tiff","PDAC4_Sector3Row2Column2_Punch3_Case68_ID_1_96217","PDAC4_88"
"PDAC4_s0_a89_ac_full.tiff","PDAC4_Sector1Row4Column4_Punch3_Case22_ID_1_4623","PDAC4_89"
"PDAC4_s0_a90_ac_full.tiff","PDAC4_Sector2Row4Column3_Punch3_Case52_ID_1_85532","PDAC4_90"
"PDAC4_s0_a91_ac_full.tiff","PDAC4_Sector3Row1Column8_Punch3_Case65_ID_1_94889","PDAC4_91"
"PDAC4_s0_a92_ac_full.tiff","PDAC4_Sector4Row1Column2_Punch3_Case91_ID_G_26810","PDAC4_92"
"PDAC4_s0_a93_ac_full.tiff","PDAC4_Sector2Row2Column1_Punch3_Case35_ID_1_67731","PDAC4_93"
"PDAC4_s0_a94_ac_full.tiff","PDAC4_Sector1Row3Column1_Punch3_Case11_ID_1_3583","PDAC4_94"
"PDAC4_s0_a95_ac_full.tiff","PDAC4_Sector2Row3Column5_Punch3_Case47_ID_1_72749","PDAC4_95"
"PDAC4_s0_a96_ac_full.tiff","PDAC4_Sector1Row3Column6_Punch3_Case16_ID_1_42221","PDAC4_96"
"PDAC4_s0_a97_ac_full.tiff","PDAC4_Sector3Row1Column5_Punch3_Case62_ID_1_93395","PDAC4_97"
"PDAC4_s0_a98_ac_full.tiff","PDAC4_Sector2Row3Column3_Punch3_Case45_ID_1_71273","PDAC4_98"
"PDAC4_s0_a100_ac_full.tiff","PDAC4_Sector1Row4Column6_Punch3_Case24_ID_1_48081","PDAC4_100"
"PDAC4_s0_a101_ac_full.tiff","PDAC4_Sector2Row3Column7_Punch3_Case49_ID_1_76312","PDAC4_101"
"PDAC4_s0_a102_ac_full.tiff","PDAC4_Sector2Row3Column4_Punch3_Case46_ID_1_71998","PDAC4_102"
"PDAC4_s0_a103_ac_full.tiff","PDAC4_Sector4Row2Column1_Punch3_Case98_ID_G_41574","PDAC4_103"
"PDAC4_s0_a104_ac_full.tiff","PDAC4_Sector3Row1Column2_Punch3_Case59_ID_1_92145","PDAC4_104"
"PDAC4_s0_a105_ac_full.tiff","PDAC4_Sector3Row4Column4_Punch3_Case85_ID_G_25488","PDAC4_105"
"PDAC4_s0_a106_ac_full.tiff","PDAC4_Sector1Row2Column2_Punch3_Case4_ID_1_104134","PDAC4_106"
"PDAC4_s0_a107_ac_full.tiff","PDAC4_Sector4Row1Column1_Punch3_Case90_ID_G_26691","PDAC4_107"
"PDAC4_s0_a108_ac_full.tiff","PDAC4_Sector2Row2Column7_Punch3_Case41_ID_1_70327","PDAC4_108"
"PDAC4_s0_a109_ac_full.tiff","PDAC4_Sector2Row2Column6_Punch3_Case40_ID_1_70237","PDAC4_109"
"PDAC4_s0_a110_ac_full.tiff","PDAC4_Sector4Row3Column2_Punch3_Case106_ID_G_9725","PDAC4_110"
"PDAC4_s0_a111_ac_full.tiff","PDAC4_Sector1Row4Column8_Punch3_Case26_ID_1_5102","PDAC4_111"
"PDAC4_s0_a112_ac_full.tiff","PDAC4_Sector2Row1Column2_Punch3_Case28_ID_1_52582","PDAC4_112"
"PDAC1_s0_a1_ac_full.tiff","PDAC1_Sector1Row2Column3_Punch1_Case3_ID_1_103356","PDAC1_1"
"PDAC1_s0_a2_ac_full.tiff","PDAC1_Sector4Row1Column1_Punch1_Case88_ID_G_26345","PDAC1_2"
"PDAC1_s0_a3_ac_full.tiff","PDAC1_Sector2Row1Column6_Punch1_Case30_ID_1_56588","PDAC1_3"
"PDAC1_s0_a4_ac_full.tiff","PDAC1_Sector4Row1Column3_Punch1_Case90_ID_G_26691","PDAC1_4"
"PDAC1_s0_a5_ac_full.tiff","PDAC1_Sector4Row2Column1_Punch1_Case96_ID_G_32052","PDAC1_5"
"PDAC1_s0_a6_ac_full.tiff","PDAC1_Sector1Row3Column5_Punch1_Case13_ID_1_40185","PDAC1_6"
"PDAC1_s0_a7_ac_full.tiff","PDAC1_Sector3Row3Column5_Punch1_Case76_ID_G_13634","PDAC1_7"
"PDAC1_s0_a8_ac_full.tiff","PDAC1_Sector4Row2Column2_Punch1_Case97_ID_G_32657","PDAC1_8"
"PDAC1_s0_a9_ac_full.tiff","PDAC1_Sector3Row3Column2_Punch1_Case73_ID_G_11310","PDAC1_9"
"PDAC1_s0_a10_ac_full.tiff","PDAC1_Sector2Row1Column3_Punch1_Case27_ID_1_5121","PDAC1_10"
"PDAC1_s0_a11_ac_full.tiff","PDAC1_Sector3Row4Column6_Punch1_Case85_ID_G_25488","PDAC1_11"
"PDAC1_s0_a12_ac_full.tiff","PDAC1_Sector2Row3Column7_Punch1_Case47_ID_1_72749","PDAC1_12"
"PDAC1_s0_a13_ac_full.tiff","PDAC1_Sector2Row1Column5_Punch1_Case29_ID_1_54342","PDAC1_13"
"PDAC1_s0_a14_ac_full.tiff","PDAC1_Sector1Row4Column8_Punch1_Case24_ID_1_48081","PDAC1_14"
"PDAC1_s0_a15_ac_full.tiff","PDAC1_Sector4Row1Column4_Punch1_Case91_ID_G_26810","PDAC1_15"
"PDAC1_s0_a16_ac_full.tiff","PDAC1_Sector2Row3Column5_Punch1_Case45_ID_1_71273","PDAC1_16"
"PDAC1_s0_a17_ac_full.tiff","PDAC1_Sector3Row2Column1_Punch1_Case64_ID_1_93724","PDAC1_17"
"PDAC1_s0_a18_ac_full.tiff","PDAC1_Sector3Row2Column2_Punch1_Case65_ID_1_94889","PDAC1_18"
"PDAC1_s0_a19_ac_full.tiff","PDAC1_Sector2Row4Column2_Punch1_Case50_ID_1_76997","PDAC1_19"
"PDAC1_s0_a20_ac_full.tiff","PDAC1_Sector3Row3Column3_Punch1_Case74_ID_G_11920","PDAC1_20"
"PDAC1_s0_a21_ac_full.tiff","PDAC1_Sector2Row4Column5_Punch1_Case52_ID_1_85532","PDAC1_21"
"PDAC1_s0_a22_ac_full.tiff","PDAC1_Sector4Row3Column5_Punch1_Case107_ID_GSDM_1001","PDAC1_22"
"PDAC1_s0_a23_ac_full.tiff","PDAC1_Sector1Row2Column8_Punch1_Case8_ID_1_112577","PDAC1_23"
"PDAC1_s0_a24_ac_full.tiff","PDAC1_Sector3Row2Column4_Punch1_Case67_ID_1_96213","PDAC1_24"
"PDAC1_s0_a25_ac_full.tiff","PDAC1_Sector2Row4Column8_Punch1_Case55_ID_1_89880","PDAC1_25"
"PDAC1_s0_a27_ac_full.tiff","PDAC1_Sector3Row1Column3_Punch1_Case58_ID_1_91691","PDAC1_27"
"PDAC1_s0_a28_ac_full.tiff","PDAC1_Sector4Row1Column2_Punch1_Case89_ID_G_26400","PDAC1_28"
"PDAC1_s0_a29_ac_full.tiff","PDAC1_Sector2Row1Column7_Punch1_Case31_ID_1_57450","PDAC1_29"
"PDAC1_s0_a30_ac_full.tiff","PDAC1_Sector2Row3Column3_Punch1_Case43_ID_1_70640","PDAC1_30"
"PDAC1_s0_a31_ac_full.tiff","PDAC1_Sector4Row3Column7_Punch1_Case109_ID_GSDM_1025","PDAC1_31"
"PDAC1_s0_a32_ac_full.tiff","PDAC1_Sector2Row2Column8_Punch1_Case40_ID_1_70237","PDAC1_32"
"PDAC1_s0_a33_ac_full.tiff","PDAC1_Sector3Row3Column8_Punch1_Case79_ID_G_17185","PDAC1_33"
"PDAC1_s0_a34_ac_full.tiff","PDAC1_Sector2Row3Column8_Punch1_Case48_ID_1_73579","PDAC1_34"
"PDAC1_s0_a35_ac_full.tiff","PDAC1_Sector3Row3Column1_Punch1_Case72_ID_G_11291","PDAC1_35"
"PDAC1_s0_a37_ac_full.tiff","PDAC1_Sector2Row2Column7_Punch1_Case39_ID_1_69943","PDAC1_37"
"PDAC1_s0_a38_ac_full.tiff","PDAC1_Sector4Row2Column3_Punch1_Case98_ID_G_41574","PDAC1_38"
"PDAC1_s0_a39_ac_full.tiff","PDAC1_Sector3Row3Column4_Punch1_Case75_ID_G_12907","PDAC1_39"
"PDAC1_s0_a40_ac_full.tiff","PDAC1_Sector1Row2Column2_Punch1_Case2_ID_1_100217","PDAC1_40"
"PDAC1_s0_a41_ac_full.tiff","PDAC1_Sector4Row2Column8_Punch1_Case102_ID_G_8288","PDAC1_41"
"PDAC1_s0_a42_ac_full.tiff","PDAC1_Sector3Row4Column4_Punch1_Case83_ID_G_25407","PDAC1_42"
"PDAC1_s0_a43_ac_full.tiff","PDAC1_Sector4Row1Column5_Punch1_Case92_ID_G_30057","PDAC1_43"
"PDAC1_s0_a44_ac_full.tiff","PDAC1_Sector2Row4Column1_Punch1_Case49_ID_1_76312","PDAC1_44"
"PDAC1_s0_a45_ac_full.tiff","PDAC1_Sector4Row1Column6_Punch1_Case93_ID_G_30952","PDAC1_45"
"PDAC1_s0_a46_ac_full.tiff","PDAC1_Sector1Row4Column6_Punch1_Case22_ID_1_4623","PDAC1_46"
"PDAC1_s0_a47_ac_full.tiff","PDAC1_Sector1Row3Column4_Punch1_Case12_ID_1_3924","PDAC1_47"
"PDAC1_s0_a48_ac_full.tiff","PDAC1_Sector3Row4Column2_Punch1_Case81_ID_G_22428","PDAC1_48"
"PDAC1_s0_a49_ac_full.tiff","PDAC1_Sector2Row2Column6_Punch1_Case38_ID_1_69785","PDAC1_49"
"PDAC1_s0_a50_ac_full.tiff","PDAC1_Sector2Row2Column5_Punch1_Case37_ID_1_69553","PDAC1_50"
"PDAC1_s0_a51_ac_full.tiff","PDAC1_Sector2Row1Column4_Punch1_Case28_ID_1_52582","PDAC1_51"
"PDAC1_s0_a52_ac_full.tiff","PDAC1_Sector2Row4Column7_Punch1_Case54_ID_1_87248","PDAC1_52"
"PDAC1_s0_a53_ac_full.tiff","PDAC1_Sector1Row4Column3_Punch1_Case19_ID_1_45196","PDAC1_53"
"PDAC1_s0_a54_ac_full.tiff","PDAC1_Sector1Row3Column8_Punch1_Case16_ID_1_42221","PDAC1_54"
"PDAC1_s0_a55_ac_full.tiff","PDAC1_Sector4Row3Column4_Punch1_Case106_ID_G_9725","PDAC1_55"
"PDAC1_s0_a56_ac_full.tiff","PDAC1_Sector4Row2Column6_Punch1_Case101_ID_G_7439","PDAC1_56"
"PDAC1_s0_a57_ac_full.tiff","PDAC1_Sector4Row2Column4_Punch1_Case99_ID_G_6653","PDAC1_57"
"PDAC1_s0_a58_ac_full.tiff","PDAC1_Sector3Row1Column1_Punch1_Case56_ID_1_90015","PDAC1_58"
"PDAC1_s0_a59_ac_full.tiff","PDAC1_Sector2Row3Column4_Punch1_Case44_ID_1_70971","PDAC1_59"
"PDAC1_s0_a60_ac_full.tiff","PDAC1_Sector1Row4Column2_Punch1_Case18_ID_1_44422","PDAC1_60"
"PDAC1_s0_a61_ac_full.tiff","PDAC1_Sector2Row2Column1_Punch1_Case33_ID_1_67113","PDAC1_61"
"PDAC1_s0_a62_ac_full.tiff","PDAC1_Sector1Row3Column1_Punch1_Case9_ID_1_3430","PDAC1_62"
"PDAC1_s0_a63_ac_full.tiff","PDAC1_Sector1Row3Column3_Punch1_Case11_ID_1_3583","PDAC1_63"
"PDAC1_s0_a64_ac_full.tiff","PDAC1_Sector2Row3Column1_Punch1_Case41_ID_1_70327","PDAC1_64"
"PDAC1_s0_a65_ac_full.tiff","PDAC1_Sector4Row3Column2_Punch1_Case104_ID_G_8978","PDAC1_65"
"PDAC1_s0_a66_ac_full.tiff","PDAC1_Sector2Row4Column4_Punch1_Case51_ID_1_85268","PDAC1_66"
"PDAC1_s0_a67_ac_full.tiff","PDAC1_Sector1Row2Column6_Punch1_Case6_ID_1_106476","PDAC1_67"
"PDAC1_s0_a68_ac_full.tiff","PDAC1_Sector1Row3Column2_Punch1_Case10_ID_1_35154","PDAC1_68"
"PDAC1_s0_a69_ac_full.tiff","PDAC1_Sector1Row4Column5_Punch1_Case21_ID_1_4568","PDAC1_69"
"PDAC1_s0_a70_ac_full.tiff","PDAC1_Sector1Row2Column4_Punch1_Case4_ID_1_104134","PDAC1_70"
"PDAC1_s0_a71_ac_full.tiff","PDAC1_Sector2Row4Column6_Punch1_Case53_ID_1_85810","PDAC1_71"
"PDAC1_s0_a72_ac_full.tiff","PDAC1_Sector3Row4Column8_Punch1_Case87_ID_G_25852","PDAC1_72"
"PDAC1_s0_a74_ac_full.tiff","PDAC1_Sector1Row3Column6_Punch1_Case14_ID_1_4045","PDAC1_74"
"PDAC1_s0_a75_ac_full.tiff","PDAC1_Sector1Row4Column7_Punch1_Case23_ID_1_4752","PDAC1_75"
"PDAC1_s0_a76_ac_full.tiff","PDAC1_Sector4Row1Column7_Punch1_Case94_ID_G_31065","PDAC1_76"
"PDAC1_s0_a77_ac_full.tiff","PDAC1_Sector3Row1Column4_Punch1_Case59_ID_1_92145","PDAC1_77"
"PDAC1_s0_a78_ac_full.tiff","PDAC1_Sector1Row4Column1_Punch1_Case17_ID_1_43125","PDAC1_78"
"PDAC1_s0_a79_ac_full.tiff","PDAC1_Sector2Row1Column8_Punch1_Case32_ID_1_66124","PDAC1_79"
"PDAC1_s0_a80_ac_full.tiff","PDAC1_Sector1Row3Column7_Punch1_Case15_ID_1_41902","PDAC1_80"
"PDAC1_s0_a81_ac_full.tiff","PDAC1_Sector3Row2Column7_Punch1_Case70_ID_1_99593","PDAC1_81"
"PDAC1_s0_a82_ac_full.tiff","PDAC1_Sector3Row1Column5_Punch1_Case60_ID_1_92458","PDAC1_82"
"PDAC1_s0_a83_ac_full.tiff","PDAC1_Sector4Row3Column3_Punch1_Case105_ID_G_9208","PDAC1_83"
"PDAC1_s0_a84_ac_full.tiff","PDAC1_Sector3Row4Column1_Punch1_Case80_ID_G_21433","PDAC1_84"
"PDAC1_s0_a85_ac_full.tiff","PDAC1_Sector3Row1Column7_Punch1_Case62_ID_1_93395","PDAC1_85"
"PDAC1_s0_a86_ac_full.tiff","PDAC1_Sector3Row1Column6_Punch1_Case61_ID_1_92541","PDAC1_86"
"PDAC1_s0_a87_ac_full.tiff","PDAC1_Sector3Row2Column5_Punch1_Case68_ID_1_96217","PDAC1_87"
"PDAC1_s0_a88_ac_full.tiff","PDAC1_Sector1Row2Column1_Punch1_Case1_ID_1_100070","PDAC1_88"
"PDAC1_s0_a89_ac_full.tiff","PDAC1_Sector3Row2Column6_Punch1_Case69_ID_1_96460","PDAC1_89"
"PDAC1_s0_a90_ac_full.tiff","PDAC1_Sector3Row1Column8_Punch1_Case63_ID_1_93605","PDAC1_90"
"PDAC1_s0_a91_ac_full.tiff","PDAC1_Sector3Row1Column2_Punch1_Case57_ID_1_91050","PDAC1_91"
"PDAC1_s0_a92_ac_full.tiff","PDAC1_Sector3Row3Column6_Punch1_Case77_ID_G_14553","PDAC1_92"
"PDAC1_s0_a93_ac_full.tiff","PDAC1_Sector1Row4Column4_Punch1_Case20_ID_1_4567","PDAC1_93"
"PDAC1_s0_a94_ac_full.tiff","PDAC1_Sector2Row3Column6_Punch1_Case46_ID_1_71998","PDAC1_94"
"PDAC1_s0_a95_ac_full.tiff","PDAC1_Sector1Row2Column7_Punch1_Case7_ID_1_109753","PDAC1_95"
"PDAC1_s0_a96_ac_full.tiff","PDAC1_Sector3Row4Column5_Punch1_Case84_ID_G_25487","PDAC1_96"
"PDAC1_s0_a97_ac_full.tiff","PDAC1_Sector4Row2Column5_Punch1_Case100_ID_G_6686","PDAC1_97"
"PDAC1_s0_a98_ac_full.tiff","PDAC1_Sector3Row4Column3_Punch1_Case82_ID_G_23381","PDAC1_98"
"PDAC1_s0_a99_ac_full.tiff","PDAC1_Sector2Row1Column1_Punch1_Case25_ID_1_48194","PDAC1_99"
"PDAC1_s0_a100_ac_full.tiff","PDAC1_Sector2Row2Column4_Punch1_Case36_ID_1_69515","PDAC1_100"
"PDAC1_s0_a101_ac_full.tiff","PDAC1_Sector3Row3Column7_Punch1_Case78_ID_G_14742","PDAC1_101"
"PDAC1_s0_a102_ac_full.tiff","PDAC1_Sector4Row1Column8_Punch1_Case95_ID_G_31568","PDAC1_102"
"PDAC1_s0_a103_ac_full.tiff","PDAC1_Sector3Row2Column8_Punch1_Case71_ID_G_10196","PDAC1_103"
"PDAC1_s0_a104_ac_full.tiff","PDAC1_Sector4Row3Column6_Punch1_Case108_ID_GSDM_1018","PDAC1_104"
"PDAC1_s0_a105_ac_full.tiff","PDAC1_Sector2Row3Column2_Punch1_Case42_ID_1_70477","PDAC1_105"
"PDAC1_s0_a106_ac_full.tiff","PDAC1_Sector1Row2Column5_Punch1_Case5_ID_1_104192","PDAC1_106"
"PDAC1_s0_a107_ac_full.tiff","PDAC1_Sector2Row1Column2_Punch1_Case26_ID_1_5102","PDAC1_107"
"PDAC1_s0_a108_ac_full.tiff","PDAC1_Sector3Row4Column7_Punch1_Case86_ID_G_25536","PDAC1_108"
"PDAC1_s0_a109_ac_full.tiff","PDAC1_Sector2Row2Column2_Punch1_Case34_ID_1_67299","PDAC1_109"
"PDAC1_s0_a110_ac_full.tiff","PDAC1_Sector2Row2Column3_Punch1_Case35_ID_1_67731","PDAC1_110"
